﻿CodigoAssunto;DescricaoAssunto;SiglaAssunto
1;LICENÇA DE INSTALAÇÃO;LI
2;LICENÇA PRÉVIA;LP
3;LICENÇA DE OPERAÇÃO;LO
4;AUTORIZAÇÃO;AUT
5;RENOVAÇÃO DA LICENÇA DE OPERAÇÃO;RLO
6;OFÍCIO;OF
7;DENÚNCIA;DE
8;PRORROGAÇÃO DA LICENÇA DE INSTALAÇÃO;PLI
9;RECARIMBAMENTO DE PLANTAS - LI;RECB
10;MODIFICAÇÃO DE PROJETOS;MODF
11;2ª VIA DE LICENÇA;2ª VIA
12;DOCUMENTOS EM GERAL;DOC
15;ATUALIZAÇÃO CADASTRAL;AC
16;DARSI;DARSI
17;RECARIMBAMENTO DE PLANTAS - LO;RECB
18;REGULARIZAÇÃO DO EMPREENDIMENTO;REG
19;PRORROGAÇÃO DE LICENÇA PREVIA;PLP
21;ANALISE LABORATORIAL;AL
22;RESSARCIMENTO;RESS
23;DARSI RETIFICADORA;DR
24;DISPENSA DA DARSI;DDI
25;CRÍTICA;CRI
26;ELOGIO;ELO
27;INFORMAÇÃO;INF
28;SUGESTÃO;SUG
29;OUTROS;OTR
30;BAIXA EMPREENDIMENTO;BXEMP
31;LICENÇA SIMPLIFICADA;LS
32;POÇO RASO;PR
33;RENOVAÇÃO DA LICENÇA SIMPLIFICADA;RLS
34;NORMAS TÉCNICAS;NOR
35;RESERVA LEGAL;RES
36;PROCESSOS ANTERIORES A 2009;PA2009
37;TERMO DE COMPROMISSO;TC
38;INSERIR CORREÇÃO OU ADIÇÃO DE NOVAS ATRIBUIÇÕES A EMPREENDIMENTOS  LICENCIADOS;COR
39;CONSULTA PRÉVIA;CP
40;AUTUAÇÃO;AUI
41;RESPOSTA DO AUTUADO;RAU
42;QUEIMA CONTROLADA;QC
