﻿id_documentacao_licenca_web_descricao;descricao
1;CNPJ
2;Inscrição Estadual
3;Contrato Social
5;Atestado de regularidade do Corpo de Bombeiros
9;CNPJ e Contrato Social ou CPF e RG no caso de pessoa física.
10;Sem estação de tratamento de esgoto - Declaração da COMPESA ou Prefeitura informando a Estação de Tratamento receptora dos esgotos sanitários;
11;Sem estação de tratamento de esgoto - Cópia da Licença Ambiental da ETE receptora dos esgotos sanitários; 
14;Uma via do Projeto Arquitetônico assinado pelo proprietário e pelo responsável técnico;
16;Documento de propriedade atualizado com registro no cartório de imóveis;
17;Declaração de abastecimento de água pela Compesa e/ou Licença dos poços de abastecimento de água, expedida pela CPRH;
19;Com estação de tratamento de esgoto - Uma via do projeto completo do Sistema final de Esgotamento Sanitário, em observância ao Manual Técnico 001/2004 CPRH.
20;Com estação de tratamento de esgoto - Memória de cálculo do sistema final de esgotamento sanitário.
21;Anotação de Responsabilidade Técnica (ART) do CREA/PE dos projetos propostos.
22;Com estação de tratamento de esgoto - No caso de disposição no solo apresentar teste de Absorção do Solo + ART (1) do CREA e recibo de pagamento.
31;Quando da renovação da licença simplificada, apresentar comprovação de cumprimento de exigências da licença anterior
32;Autorização do DNPM expedida para o fornecedor de areia e/ou brita
33;Cópia do Registro na ANP (Agência Nacional de Petróleo)
34;Cópia de Registro da empresa no CREA
38;Atestado de regularidade do Corpo de Bombeiros;
39;Comprovante da destinação de produtos perigosos;
40;Inscrição Estadual;
41;Comprovante de abastecimento de água (conta ou carta da COMPESA ou licença do poço);
42;Contrato Social;
43;CNPJ;
44;Alvará ou carta de anuência da prefeitura;
45;Licença da Vigilância Sanitária 
46;Memorial Descritivo.
49;Certificado de Regularidade no Cadastro Técnico Federal de Atividades Potencialmente Poluidoras e Utilizadoras de Recursos Ambientais -CTF/APP expedido pelo IBAMA
50;Certificado de Regularidade no Cadastro Técnico Federal de Atividades Potencialmente Poluidoras e Utilizadoras de Recursos Ambientais -CTF/APP expedido pelo IBAMA (Para comércio de subprodutos florestais, até cem metros cúbicos ano)
51;Certificado de Regularidade no Cadastro Técnico Federal de Atividades Potencialmente Poluidoras e Utilizadoras de Recursos Ambientais -CTF/APP expedido pelo IBAMA
52;Certificado de Regularidade no Cadastro Técnico Federal de Atividades Potencialmente Poluidoras e Utilizadoras de Recursos Ambientais -CTF/APP expedido pelo IBAMA
54;Licença da Vigilância Sanitária
55;Licença da Vigilância Sanitária
56;Memorial Descritivo
57;Licença da Vigilância Sanitária
58;Memorial Descritivo
59;Licença da Vigilância Sanitária
60;Memorial Descritivo
61;Licença da Vigilância Sanitária
62;Memorial Descritivo
63;Licença da Vigilância Sanitária
64;Memorial Descritivo
65;Licença da Vigilância Sanitária
66;Memorial Descritivo
67;Licença da Vigilância Sanitária
68;Memorial Descritivo
69;Licença da Vigilância Sanitária
70;Memorial Descritivo
71;Licença da Vigilância Sanitária
72;Memorial Descritivo
73;Licença da Vigilância Sanitária
74;Memorial Descritivo
75;Licença da Vigilância Sanitária
76;Memorial Descritivo
78;Licença da Vigilância Sanitária
79;Memorial Descritivo
80;Licença da Vigilância Sanitária
81;Memorial Descritivo
82;Licença da Vigilância Sanitária
83;Memorial Descritivo
84;Licença da Vigilância Sanitária
85;Memorial Descritivo
86;Licença da Vigilância Sanitária
87;Memorial Descritivo
88;Licença da Vigilância Sanitária
89;Memorial Descritivo
90;Memorial Descritivo
91;Licença da Vigilância Sanitária
92;Memorial Descritivo
93;Memorial Descritivo
94;Licença da Vigilância Sanitária
95;Memorial Descritivo
96;Licença da Vigilância Sanitária/Adagro
97;Memorial Descritivo
98;Licença da Vigilância Sanitária
99;Memorial Descritivo
100;Licença da Vigilância Sanitária
101;Memorial Descritivo
102;Licença da Vigilância Sanitária
103;Memorial Descritivo
104;Licença da Vigilância Sanitária
105;Memorial Descritivo
106;Licença da Vigilância Sanitária
107;Memorial Descritivo
109;Memorial Descritivo
110;Licença da Vigilância Sanitária
111;Memorial Descritivo
112;Memorial Descritivo
113;Certificado de Regularidade no Cadastro Técnico Federal de Atividades Potencialmente Poluidoras e Utilizadoras de Recursos Ambientais -CTF/APP expedido pelo IBAMA
114;Memorial Descritivo
115;Memorial Descritivo
116;Memorial Descritivo
117;Registro na ADAGRO e/ou Vigilância Sanitária
118;Comprovante do Cadastro Técnico Estadual de Atividades Potencialmente Poluidoras ou Utilizadoras de Recursos Ambientais,  e, quando for o caso, a  comprovação dos pagamentos da Taxa de Controle e Fiscalização Ambiental do Estado de Pernambuco (TFAPE)
119;Comprovante do Cadastro Técnico Estadual de Atividades Potencialmente Poluidoras ou Utilizadoras de Recursos Ambientais,  e, quando for o caso, a  comprovação dos pagamentos da Taxa de Controle e Fiscalização Ambiental do Estado de Pernambuco (TFAPE)
120;Memorial Descritivo
121;Comprovante do Cadastro Técnico Estadual de Atividades Potencialmente Poluidoras ou Utilizadoras de Recursos Ambientais,  e, quando for o caso, a  comprovação dos pagamentos da Taxa de Controle e Fiscalização Ambiental do Estado de Pernambuco (TFAPE)
122;Memorial Descritivo
123;Comprovante do Cadastro Técnico Estadual de Atividades Potencialmente Poluidoras ou Utilizadoras de Recursos Ambientais,  e, quando for o caso, a  comprovação dos pagamentos da Taxa de Controle e Fiscalização Ambiental do Estado de Pernambuco (TFAPE)
124;Comprovante do Cadastro Técnico Estadual de Atividades Potencialmente Poluidoras ou Utilizadoras de Recursos Ambientais,  e, quando for o caso, a  comprovação dos pagamentos da Taxa de Controle e Fiscalização Ambiental do Estado de Pernambuco (TFAPE)
125;Comprovante do Cadastro Técnico Estadual de Atividades Potencialmente Poluidoras ou Utilizadoras de Recursos Ambientais,  e, quando for o caso, a  comprovação dos pagamentos da Taxa de Controle e Fiscalização Ambiental do Estado de Pernambuco (TFAPE)
126;Comprovante do Cadastro Técnico Estadual de Atividades Potencialmente Poluidoras ou Utilizadoras de Recursos Ambientais,  e, quando for o caso, a  comprovação dos pagamentos da Taxa de Controle e Fiscalização Ambiental do Estado de Pernambuco (TFAPE)
127;Comprovante do Cadastro Técnico Estadual de Atividades Potencialmente Poluidoras ou Utilizadoras de Recursos Ambientais,  e, quando for o caso, a  comprovação dos pagamentos da Taxa de Controle e Fiscalização Ambiental do Estado de Pernambuco (TFAPE)
128;CNPJ
129;Memorial Descritivo
130;Comprovante do Cadastro Técnico Estadual de Atividades Potencialmente Poluidoras ou Utilizadoras de Recursos Ambientais,  e, quando for o caso, a  comprovação dos pagamentos da Taxa de Controle e Fiscalização Ambiental do Estado de Pernambuco (TFAPE)
131;Certificado de Regularidade no Cadastro Técnico Federal de Atividades Potencialmente Poluidoras e Utilizadoras de Recursos Ambientais -CTF/APP expedido pelo IBAMA
132;Memorial Descritivo
133;Comprovante do Cadastro Técnico Estadual de Atividades Potencialmente Poluidoras ou Utilizadoras de Recursos Ambientais, e, quando for o caso, a comprovação dos pagamentos da Taxa de Controle e Fiscalização Ambiental do Estado de Pernambuco (TFAPE)
135;CNPJ
136;Memorial Descritivo
137;Comprovante do Cadastro Técnico Estadual de Atividades Potencialmente Poluidoras ou Utilizadoras de Recursos Ambientais, e, quando for o caso, a comprovação dos pagamentos da Taxa de Controle e Fiscalização Ambiental do Estado de Pernambuco (TFAPE)
138;Comprovante do Cadastro Técnico Estadual de Atividades Potencialmente Poluidoras ou Utilizadoras de Recursos Ambientais, e, quando for o caso, a comprovação dos pagamentos da Taxa de Controle e Fiscalização Ambiental do Estado de Pernambuco (TFAPE)
139;Comprovante do Cadastro Técnico Estadual de Atividades Potencialmente Poluidoras ou Utilizadoras de Recursos Ambientais, e, quando for o caso, a comprovação dos pagamentos da Taxa de Controle e Fiscalização Ambiental do Estado de Pernambuco (TFAPE)
140;Memorial Descritivo
141;Comprovante do Cadastro Técnico Estadual de Atividades Potencialmente Poluidoras ou Utilizadoras de Recursos Ambientais, e, quando for o caso, a comprovação dos pagamentos da Taxa de Controle e Fiscalização Ambiental do Estado de Pernambuco (TFAPE)
142;Memorial Descritivo
143;Comprovante do Cadastro Técnico Estadual de Atividades Potencialmente Poluidoras ou Utilizadoras de Recursos Ambientais, e, quando for o caso, a comprovação dos pagamentos da Taxa de Controle e Fiscalização Ambiental do Estado de Pernambuco (TFAPE)
144;CNPJ
145;Memorial Descritivo
146;Comprovante do Cadastro Técnico Estadual de Atividades Potencialmente Poluidoras ou Utilizadoras de Recursos Ambientais, e, quando for o caso, a comprovação dos pagamentos da Taxa de Controle e Fiscalização Ambiental do Estado de Pernambuco (TFAPE)
147;Memorial Descritivo
148;Comprovante do Cadastro Técnico Estadual de Atividades Potencialmente Poluidoras ou Utilizadoras de Recursos Ambientais, e, quando for o caso, a comprovação dos pagamentos da Taxa de Controle e Fiscalização Ambiental do Estado de Pernambuco (TFAPE)
149;Memorial Descritivo
150;Comprovante do Cadastro Técnico Estadual de Atividades Potencialmente Poluidoras ou Utilizadoras de Recursos Ambientais, e, quando for o caso, a comprovação dos pagamentos da Taxa de Controle e Fiscalização Ambiental do Estado de Pernambuco (TFAPE)
151;Memorial Descritivo
152;Comprovante do Cadastro Técnico Estadual de Atividades Potencialmente Poluidoras ou Utilizadoras de Recursos Ambientais, e, quando for o caso, a comprovação dos pagamentos da Taxa de Controle e Fiscalização Ambiental do Estado de Pernambuco (TFAPE)
153;CNPJ
154;CNPJ
155;Memorial Descritivo
156;Comprovante do Cadastro Técnico Estadual de Atividades Potencialmente Poluidoras ou Utilizadoras de Recursos Ambientais, e, quando for o caso, a comprovação dos pagamentos da Taxa de Controle e Fiscalização Ambiental do Estado de Pernambuco (TFAPE)
157;CNPJ
158;Memorial Descritivo
159;Comprovante do Cadastro Técnico Estadual de Atividades Potencialmente Poluidoras ou Utilizadoras de Recursos Ambientais, e, quando for o caso, a comprovação dos pagamentos da Taxa de Controle e Fiscalização Ambiental do Estado de Pernambuco (TFAPE)
160;Comprovante do Cadastro Técnico Estadual de Atividades Potencialmente Poluidoras ou Utilizadoras de Recursos Ambientais, e, quando for o caso, a comprovação dos pagamentos da Taxa de Controle e Fiscalização Ambiental do Estado de Pernambuco (TFAPE)
161;Comprovante do Cadastro Técnico Estadual de Atividades Potencialmente Poluidoras ou Utilizadoras de Recursos Ambientais, e, quando for o caso, a comprovação dos pagamentos da Taxa de Controle e Fiscalização Ambiental do Estado de Pernambuco (TFAPE)
162;Comprovante do Cadastro Técnico Estadual de Atividades Potencialmente Poluidoras ou Utilizadoras de Recursos Ambientais, e, quando for o caso, a comprovação dos pagamentos da Taxa de Controle e Fiscalização Ambiental do Estado de Pernambuco (TFAPE)
163;Comprovante do Cadastro Técnico Estadual de Atividades Potencialmente Poluidoras ou Utilizadoras de Recursos Ambientais, e, quando for o caso, a comprovação dos pagamentos da Taxa de Controle e Fiscalização Ambiental do Estado de Pernambuco (TFAPE)
164;Comprovante do Cadastro Técnico Estadual de Atividades Potencialmente Poluidoras ou Utilizadoras de Recursos Ambientais, e, quando for o caso, a comprovação dos pagamentos da Taxa de Controle e Fiscalização Ambiental do Estado de Pernambuco (TFAPE)
165;Comprovante do Cadastro Técnico Estadual de Atividades Potencialmente Poluidoras ou Utilizadoras de Recursos Ambientais, e, quando for o caso, a comprovação dos pagamentos da Taxa de Controle e Fiscalização Ambiental do Estado de Pernambuco (TFAPE)
166;Comprovante do Cadastro Técnico Estadual de Atividades Potencialmente Poluidoras ou Utilizadoras de Recursos Ambientais, e, quando for o caso, a comprovação dos pagamentos da Taxa de Controle e Fiscalização Ambiental do Estado de Pernambuco (TFAPE)
167;Comprovante do Cadastro Técnico Estadual de Atividades Potencialmente Poluidoras ou Utilizadoras de Recursos Ambientais, e, quando for o caso, a comprovação dos pagamentos da Taxa de Controle e Fiscalização Ambiental do Estado de Pernambuco (TFAPE)
168;Memorial Descritivo
169;Comprovante do Cadastro Técnico Estadual de Atividades Potencialmente Poluidoras ou Utilizadoras de Recursos Ambientais, e, quando for o caso, a comprovação dos pagamentos da Taxa de Controle e Fiscalização Ambiental do Estado de Pernambuco (TFAPE)
170;Memorial Descritivo
171;Comprovante do Cadastro Técnico Estadual de Atividades Potencialmente Poluidoras ou Utilizadoras de Recursos Ambientais, e, quando for o caso, a comprovação dos pagamentos da Taxa de Controle e Fiscalização Ambiental do Estado de Pernambuco (TFAPE)
172;Memorial Descritivo
173;Comprovante do Cadastro Técnico Estadual de Atividades Potencialmente Poluidoras ou Utilizadoras de Recursos Ambientais, e, quando for o caso, a comprovação dos pagamentos da Taxa de Controle e Fiscalização Ambiental do Estado de Pernambuco (TFAPE)
174;Memorial Descritivo
175;Comprovante do Cadastro Técnico Estadual de Atividades Potencialmente Poluidoras ou Utilizadoras de Recursos Ambientais, e, quando for o caso, a comprovação dos pagamentos da Taxa de Controle e Fiscalização Ambiental do Estado de Pernambuco (TFAPE)
176;Memorial Descritivo
177;Comprovante do Cadastro Técnico Estadual de Atividades Potencialmente Poluidoras ou Utilizadoras de Recursos Ambientais, e, quando for o caso, a comprovação dos pagamentos da Taxa de Controle e Fiscalização Ambiental do Estado de Pernambuco (TFAPE)
178;Comprovante do Cadastro Técnico Estadual de Atividades Potencialmente Poluidoras ou Utilizadoras de Recursos Ambientais, e, quando for o caso, a comprovação dos pagamentos da Taxa de Controle e Fiscalização Ambiental do Estado de Pernambuco (TFAPE)
179;Memorial Descritivo
180;Comprovante do Cadastro Técnico Estadual de Atividades Potencialmente Poluidoras ou Utilizadoras de Recursos Ambientais, e, quando for o caso, a comprovação dos pagamentos da Taxa de Controle e Fiscalização Ambiental do Estado de Pernambuco (TFAPE)
181;Memorial Descritivo
182;Comprovante do Cadastro Técnico Estadual de Atividades Potencialmente Poluidoras ou Utilizadoras de Recursos Ambientais, e, quando for o caso, a comprovação dos pagamentos da Taxa de Controle e Fiscalização Ambiental do Estado de Pernambuco (TFAPE)
183;Comprovante do Cadastro Técnico Estadual de Atividades Potencialmente Poluidoras ou Utilizadoras de Recursos Ambientais, e, quando for o caso, a comprovação dos pagamentos da Taxa de Controle e Fiscalização Ambiental do Estado de Pernambuco (TFAPE)
184;Memorial Descritivo
185;Certificado de Regularidade no Cadastro Técnico Federal de Atividades Potencialmente Poluidoras e Utilizadoras de Recursos Ambientais -CTF/APP expedido pelo IBAMA
186;Memorial Descritivo
187;Comprovante do Cadastro Técnico Estadual de Atividades Potencialmente Poluidoras ou Utilizadoras de Recursos Ambientais, e, quando for o caso, a comprovação dos pagamentos da Taxa de Controle e Fiscalização Ambiental do Estado de Pernambuco (TFAPE)
188;Memorial Descritivo
189;Comprovante do Cadastro Técnico Estadual de Atividades Potencialmente Poluidoras ou Utilizadoras de Recursos Ambientais, e, quando for o caso, a comprovação dos pagamentos da Taxa de Controle e Fiscalização Ambiental do Estado de Pernambuco (TFAPE)
190;Memorial Descritivo
191;Comprovante do Cadastro Técnico Estadual de Atividades Potencialmente Poluidoras ou Utilizadoras de Recursos Ambientais, e, quando for o caso, a comprovação dos pagamentos da Taxa de Controle e Fiscalização Ambiental do Estado de Pernambuco (TFAPE)
192;Comprovante do Cadastro Técnico Estadual de Atividades Potencialmente Poluidoras ou Utilizadoras de Recursos Ambientais, e, quando for o caso, a comprovação dos pagamentos da Taxa de Controle e Fiscalização Ambiental do Estado de Pernambuco (TFAPE)
193;Comprovante do Cadastro Técnico Estadual de Atividades Potencialmente Poluidoras ou Utilizadoras de Recursos Ambientais, e, quando for o caso, a comprovação dos pagamentos da Taxa de Controle e Fiscalização Ambiental do Estado de Pernambuco (TFAPE)
194;Comprovante do Cadastro Técnico Estadual de Atividades Potencialmente Poluidoras ou Utilizadoras de Recursos Ambientais, e, quando for o caso, a comprovação dos pagamentos da Taxa de Controle e Fiscalização Ambiental do Estado de Pernambuco (TFAPE)
195;Memorial Descritivo
196;Comprovante do Cadastro Técnico Estadual de Atividades Potencialmente Poluidoras ou Utilizadoras de Recursos Ambientais, e, quando for o caso, 
a comprovação dos pagamentos da Taxa de Controle e Fiscalização Ambiental do Estado de Pernambuco (TFAPE)
197;Comprovante do Cadastro Técnico Estadual de Atividades Potencialmente Poluidoras ou Utilizadoras de Recursos Ambientais, e, quando for o caso, a comprovação dos pagamentos da Taxa de Controle e Fiscalização Ambiental do Estado de Pernambuco (TFAPE)
198;Comprovante de Destinação de Produtos Perigosos
199;Memorial descritivo;
200;Memorial descritivo;
201;Memorial descritivo;
202;Memorial Descritivo
203;Comprovante de destinação dos Resíduos de Saúde por empresa licenciada ambientalmente.
204;Plano de Gerenciamento de Resíduos de Serviços de Saúde (PGRSS), aprovado pela Agência Pernambucana de Vigilância Sanitária - APEVISA.
206;Alvará de funcionamento ou Carta de Anuência da Prefeitura.
207;Alvará de funcionamento ou Carta de Anuência da Prefeitura.
208;Alvará de funcionamento ou Carta de Anuência da Prefeitura.
209;Alvará de funcionamento ou Carta de Anuência da Prefeitura.
210;Alvará de funcionamento ou Carta de Anuência da Prefeitura.
211;Alvará de funcionamento ou Carta de Anuência da Prefeitura.
212;Alvará de funcionamento ou Carta de Anuência da Prefeitura.
213;Alvará de funcionamento ou Carta de Anuência da Prefeitura.
214;Alvará de funcionamento ou Carta de Anuência da Prefeitura.
216;Alvará de funcionamento ou Carta de Anuência da Prefeitura.
217;Alvará de funcionamento ou Carta de Anuência da Prefeitura.
218;Alvará de funcionamento ou Carta de Anuência da Prefeitura.
220;Alvará de funcionamento ou Carta de Anuência da Prefeitura.
221;Alvará de funcionamento ou Carta de Anuência da Prefeitura.
222;Alvará de funcionamento ou Carta de Anuência da Prefeitura.
223;Alvará de funcionamento ou Carta de Anuência da Prefeitura.
225;Alvará de funcionamento ou Carta de Anuência da Prefeitura.
226;Alvará de funcionamento ou Carta de Anuência da Prefeitura.
227;Alvará de funcionamento ou Carta de Anuência da Prefeitura.
228;Alvará de funcionamento ou Carta de Anuência da Prefeitura
229;Alvará de funcionamento ou Carta de Anuência da Prefeitura.
230;Alvará de funcionamento ou Carta de Anuência da Prefeitura.
231;Alvará de funcionamento ou Carta de Anuência da Prefeitura.
232;Alvará de funcionamento ou Carta de Anuência da Prefeitura.
234;Alvará de funcionamento ou Carta de Anuência da Prefeitura.
235;Alvará de funcionamento ou Carta de Anuência da Prefeitura.
236;Alvará de funcionamento ou Carta de Anuência da Prefeitura.
237;Alvará de funcionamento ou Carta de Anuência da Prefeitura.
238;Alvará de funcionamento ou Carta de Anuência da Prefeitura.
239;Alvará de funcionamento ou Carta de Anuência da Prefeitura.
240;Alvará de funcionamento ou Carta de Anuência da Prefeitura.
241;Alvará de funcionamento ou Carta de Anuência da Prefeitura.
242;Alvará de funcionamento ou Carta de Anuência da Prefeitura.
243;Alvará de funcionamento ou Carta de Anuência da Prefeitura.
244;Alvará de funcionamento ou Carta de Anuência da Prefeitura.
245;Alvará de funcionamento ou Carta de Anuência da Prefeitura.
246;CNPJ
247;Comprovante do Cadastro Técnico Estadual de Atividades Potencialmente Poluidoras ou Utilizadoras de Recursos Ambientais, e, quando for o caso, a comprovação dos pagamentos da Taxa de Controle e Fiscalização Ambiental do Estado de Pernambuco (TFAPE)
248;Memorial Descritivo
249;Alvará de funcionamento ou Carta de Anuência da Prefeitura.
250;Alvará de funcionamento ou Carta de Anuência da Prefeitura.
252;Alvará de funcionamento ou Carta de Anuência da Prefeitura.
253;Alvará de funcionamento ou Carta de Anuência da Prefeitura.
254;Alvará de funcionamento ou Carta de Anuência da Prefeitura.
255;Alvará de funcionamento ou Carta de Anuência da Prefeitura.
256;Alvará de funcionamento ou Carta de Anuência da Prefeitura.
257;Alvará de funcionamento ou Carta de Anuência da Prefeitura.
258;Alvará de funcionamento ou Carta de Anuência da Prefeitura.
259;Alvará de funcionamento ou Carta de Anuência da Prefeitura.
260;Alvará de funcionamento ou Carta de Anuência da Prefeitura.
261;Alvará de funcionamento ou Carta de Anuência da Prefeitura.
262;Comprovante do Cadastro Técnico Estadual de Atividades Potencialmente Poluidoras ou Utilizadoras de Recursos Ambientais, e, quando for o caso, a comprovação dos pagamentos da Taxa de Controle e Fiscalização Ambiental do Estado de Pernambuco (TFAPE)
263;Memorial descritivo
264;Alvará de funcionamento ou Carta de Anuência da Prefeitura.
265;Comprovante do Cadastro Técnico Estadual de Atividades Potencialmente Poluidoras ou Utilizadoras de Recursos Ambientais, e, quando for o caso, a comprovação dos pagamentos da Taxa de Controle e Fiscalização Ambiental do Estado de Pernambuco (TFAPE)
266;Alvará de funcionamento ou Carta de Anuência da Prefeitura.
267;Alvará de funcionamento ou Carta de Anuência da Prefeitura.
268;Alvará de funcionamento ou Carta de Anuência da Prefeitura.
269;Memorial descritivo
270;Alvará de funcionamento ou Carta de Anuência da Prefeitura.
271;Memorial descritivo
272;Alvará de funcionamento ou Carta de Anuência da Prefeitura.
273;Memorial descritivo
274;Alvará de funcionamento ou Carta de Anuência da Prefeitura.
275;Alvará de funcionamento ou Carta de Anuência da Prefeitura.
276;Memorial Descritivo
277;Alvará de funcionamento ou Carta de Anuência da Prefeitura.
278;Memorial Descritivo
279;Alvará de funcionamento ou Carta de Anuência da Prefeitura.
280;Memorial Descritivo
281;Alvará de funcionamento ou Carta de Anuência da Prefeitura.
282;Alvará de funcionamento ou Carta de Anuência da Prefeitura.
283;
284;Memorial Descritivo
285;Alvará de funcionamento ou Carta de Anuência da Prefeitura.
286;Alvará de funcionamento ou Carta de Anuência da Prefeitura.
287;Memorial Descritivo
288;Memorial Descritivo
289;Alvará de funcionamento ou Carta de Anuência da Prefeitura.
290;Licença da Vigilância Sanitária/Adagro
291;Licença da Vigilância Sanitária/Adagro
292;Licença da Vigilância Sanitária
293;Alvará de funcionamento ou Carta de Anuência da Prefeitura.
294;Memorial Descritivo
295;Licença da Vigilância Sanitária
296;Licença da Vigilância Sanitária
297;Licença da Vigilância Sanitária
298;Memorial Descritivo
299;Licença da Vigilância Sanitária
300;Alvará de funcionamento ou Carta de Anuência da Prefeitura.
301;Alvará de funcionamento ou Carta de Anuência da Prefeitura.
302;Licença da Vigilância Sanitária
303;Alvará de funcionamento ou Carta de Anuência da Prefeitura.
304;Memorial Descritivo
305;Alvará de funcionamento ou Carta de Anuência da Prefeitura.
306;Comprovante do Cadastro Técnico Estadual de Atividades Potencialmente Poluidoras ou Utilizadoras de Recursos Ambientais, e, quando for o caso, a comprovação dos pagamentos da Taxa de Controle e Fiscalização Ambiental do Estado de Pernambuco (TFAPE)
307;Alvará de funcionamento ou Carta de Anuência da Prefeitura.
308;Memorial Descritivo
309;Alvará de funcionamento ou Carta de Anuência da Prefeitura.
310;Licença da Vigilância Sanitária
311;Licença da Adagro
312;Alvará de funcionamento ou Carta de Anuência da Prefeitura.
313;Alvará de funcionamento ou Carta de Anuência da Prefeitura.
314;Alvará de funcionamento ou Carta de Anuência da Prefeitura.
315;Alvará de funcionamento ou Carta de Anuência da Prefeitura.
316;Alvará de funcionamento ou Carta de Anuência da Prefeitura
317;Alvará de funcionamento ou Carta de Anuência da Prefeitura
318;Alvará de funcionamento ou Carta de Anuência da Prefeitura
319;Alvará de funcionamento ou Carta de Anuência da Prefeitura
320;Alvará de funcionamento ou Carta de Anuência da Prefeitura
321;Alvará de funcionamento ou Carta de Anuência da Prefeitura
322;Memorial Descritivo
323;Alvará de funcionamento ou Carta de Anuência da Prefeitura
324;Alvará de funcionamento ou Carta de Anuência da Prefeitura
325;Memorial Descritivo
326;Alvará de funcionamento ou Carta de Anuência da Prefeitura
327;Comprovante de origem do produto (Licença ou Autorização Ambiental de carvoejamento). 
328;Uma via do Projeto Arquitetônico assinado pelo proprietário e pelo responsável técnico + ART do CREA; 
329;Com estação de tratamento de esgoto - Uma via do projeto completo do Sistema final de Esgotamento Sanitário + ART do CREA;
330;Com estação de tratamento de esgoto - No caso de disposição no solo apresentar teste de Absorção do Solo + ART do CREA;
331;Com estação de tratamento de esgoto - Memória de cálculo do sistema final de esgotamento sanitário;
332;Sem estação de tratamento de esgoto - Declaração da COMPESA ou Prefeitura informando a Estação de Tratamento receptora dos esgotos sanitários; 
333;Sem estação de tratamento de esgoto - Cópia da Licença Ambiental da ETE receptora dos esgotos sanitários; 
334;Declaração de abastecimento de água pela Compesa e/ou Licença dos poços de abastecimento de água, expedida pela CPRH.
335;ART do CREA / RRT do CAU
336;ART do CREA.
337;Licença ambiental do poço emitida pela CPRH.
338;Comprovante de abastecimento de água
339;Comprovante de abastecimento de água
340;Comprovante de abastecimento de água
341;Comprovante de abastecimento de água e/ou Licença do poço artesiano, expedida pela CPRH;
342;Comprovante de abastecimento de água e/ou Licença do poço artesiano, expedida pela CPRH;
343;Comprovante de abastecimento de água e/ou Licença do poço artesiano, expedida pela CPRH;
344;Comprovante de abastecimento de água e/ou Licença do poço artesiano, expedida pela CPRH;
345;Comprovante de abastecimento de água e/ou Licença do poço artesiano, expedida pela CPRH;
346;Comprovante de abastecimento de água e/ou Licença do poço artesiano, expedida pela CPRH;
347;Comprovante de abastecimento de água e/ou Licença do poço artesiano, expedida pela CPRH;
348;Comprovante de abastecimento de água e/ou Licença do poço artesiano, expedida pela CPRH;
349;Comprovante de abastecimento de água e/ou Licença do poço artesiano, expedida pela CPRH;
350;Comprovante de abastecimento de água e/ou Licença do poço artesiano, expedida pela CPRH;
351;Comprovante de abastecimento de água e/ou Licença do poço artesiano, expedida pela CPRH;
352;Comprovante de abastecimento de água e/ou Licença do poço artesiano, expedida pela CPRH;
353;Comprovante de abastecimento de água e/ou Licença do poço artesiano, expedida pela CPRH;
354;Comprovante de abastecimento de água e/ou Licença do poço artesiano, expedida pela CPRH;
355;Comprovante de abastecimento de água e/ou Licença do poço artesiano, expedida pela CPRH;
356;Comprovante de abastecimento de água e/ou Licença do poço artesiano, expedida pela CPRH;
357;Comprovante de abastecimento de água e/ou Licença do poço artesiano, expedida pela CPRH;
358;Comprovante de abastecimento de água e/ou Licença do poço artesiano, expedida pela CPRH;
359;Comprovante de abastecimento de água e/ou Licença do poço artesiano, expedida pela CPRH;
360;Comprovante de abastecimento de água e/ou Licença do poço artesiano, expedida pela CPRH;
361;Comprovante de abastecimento de água e/ou Licença do poço artesiano, expedida pela CPRH;
362;Comprovante de abastecimento de água e/ou Licença do poço artesiano, expedida pela CPRH;
363;Comprovante de abastecimento de água e/ou Licença do poço artesiano, expedida pela CPRH;
364;Comprovante de abastecimento de água e/ou Licença do poço artesiano, expedida pela CPRH;
365;Comprovante de abastecimento de água e/ou Licença do poço artesiano, expedida pela CPRH;
366;Comprovante de abastecimento de água e/ou Licença do poço artesiano, expedida pela CPRH;
367;Comprovante de abastecimento de água e/ou Licença do poço artesiano, expedida pela CPRH;
368;Comprovante de abastecimento de água e/ou Licença do poço artesiano, expedida pela CPRH;
369;Comprovante de abastecimento de água e/ou Licença do poço artesiano, expedida pela CPRH;
370;Comprovante de abastecimento de água e/ou Licença do poço artesiano, expedida pela CPRH;
371;Comprovante de abastecimento de água e/ou Licença do poço artesiano, expedida pela CPRH;
372;Comprovante de abastecimento de água e/ou Licença do poço artesiano, expedida pela CPRH;
373;Comprovante de abastecimento de água e/ou Licença do poço artesiano, expedida pela CPRH;
374;Comprovante de abastecimento de água e/ou Licença do poço artesiano, expedida pela CPRH;
375;Comprovante de abastecimento de água e/ou Licença do poço artesiano, expedida pela CPRH;
376;Comprovante de abastecimento de água e/ou Licença do poço artesiano, expedida pela CPRH;
377;Comprovante de abastecimento de água e/ou Licença do poço artesiano, expedida pela CPRH;
378;Comprovante de abastecimento de água e/ou Licença do poço artesiano, expedida pela CPRH;
379;Comprovante de abastecimento de água e/ou Licença do poço artesiano, expedida pela CPRH;
380;Comprovante de abastecimento de água e/ou Licença do poço artesiano, expedida pela CPRH;
381;Comprovante de abastecimento de água e/ou Licença do poço artesiano, expedida pela CPRH;
382;Comprovante de abastecimento de água e/ou Licença do poço artesiano, expedida pela CPRH;
383;Comprovante de abastecimento de água e/ou Licença do poço artesiano, expedida pela CPRH;
384;Comprovante de abastecimento de água e/ou Licença do poço artesiano, expedida pela CPRH;
385;Comprovante de abastecimento de água e/ou Licença do poço artesiano, expedida pela CPRH;
386;Comprovante de abastecimento de água e/ou Licença do poço artesiano, expedida pela CPRH;
387;Comprovante de abastecimento de água e/ou Licença do poço artesiano, expedida pela CPRH;
388;Comprovante de abastecimento de água e/ou Licença do poço artesiano, expedida pela CPRH;
389;Comprovante de abastecimento de água e/ou Licença do poço artesiano, expedida pela CPRH;
390;Comprovante de abastecimento de água e/ou Licença do poço artesiano, expedida pela CPRH;
391;Comprovante de abastecimento de água e/ou Licença do poço artesiano, expedida pela CPRH;
392;Comprovante de abastecimento de água e/ou Licença do poço artesiano, expedida pela CPRH;
393;Comprovante de abastecimento de água e/ou Licença do poço artesiano, expedida pela CPRH;
394;Comprovante de abastecimento de água e/ou Licença do poço artesiano, expedida pela CPRH;
395;Comprovante de abastecimento de água e/ou Licença do poço artesiano, expedida pela CPRH;
396;Comprovante de abastecimento de água e/ou Licença do poço artesiano, expedida pela CPRH;
397;Comprovante de abastecimento de água e/ou Licença do poço artesiano, expedida pela CPRH;
398;Comprovante de abastecimento de água e/ou Licença do poço artesiano, expedida pela CPRH;
399;Comprovante de abastecimento de água e/ou Licença do poço artesiano, expedida pela CPRH;
400;Comprovante de abastecimento de água e/ou Licença do poço artesiano, expedida pela CPRH;
401;Comprovante de abastecimento de água e/ou Licença do poço artesiano, expedida pela CPRH;
402;Comprovante de abastecimento de água e/ou Licença do poço artesiano, expedida pela CPRH;
403;Comprovante de abastecimento de água e/ou Licença do poço artesiano, expedida pela CPRH;
404;Comprovante de abastecimento de água e/ou Licença do poço artesiano, expedida pela CPRH;
405;Comprovante de abastecimento de água e/ou Licença do poço artesiano, expedida pela CPRH;
406;Comprovante de abastecimento de água e/ou Licença do poço artesiano, expedida pela CPRH;
407;Comprovante de abastecimento de água e/ou Licença do poço artesiano, expedida pela CPRH;
408;Comprovante de abastecimento de água e/ou Licença do poço artesiano, expedida pela CPRH;
409;Comprovante de abastecimento de água e/ou Licença do poço artesiano, expedida pela CPRH;
410;Comprovante de abastecimento de água e/ou Licença do poço artesiano, expedida pela CPRH;
411;Comprovante de abastecimento de água e/ou Licença do poço artesiano, expedida pela CPRH;
412;Comprovante de abastecimento de água e/ou Licença do poço artesiano, expedida pela CPRH;
413;Comprovante de abastecimento de água e/ou Licença do poço artesiano, expedida pela CPRH;
414;Comprovante de abastecimento de água e/ou Licença do poço artesiano, expedida pela CPRH;
415;Comprovante de abastecimento de água e/ou Licença do poço artesiano, expedida pela CPRH;
416;Comprovante de abastecimento de água e/ou Licença do poço artesiano, expedida pela CPRH;
417;Comprovante de abastecimento de água e/ou Licença do poço artesiano, expedida pela CPRH;
418;Comprovante de abastecimento de água e/ou Licença do poço artesiano, expedida pela CPRH;
419;Comprovante de abastecimento de água e/ou Licença do poço artesiano, expedida pela CPRH;
420;Comprovante de abastecimento de água e/ou Licença do poço artesiano, expedida pela CPRH;
421;Em caso de Autorização em nome de empresa privada, apresentar Alvará ou Carta de Anuência da obra emitida pela Prefeitura Municipal.
