﻿idSolicitacao;bairro;cep;codMunicipio;complemento;endereco;numero
8690;DIVERSOS;55700000;2608909;;PRAÇAS DA PIRAUIRA, ALTO SÃO SEBASTIÃO, GAMELEIRA E JOÃO ERNESTO;S/N
8692;CENTRO;55700000;2608909;;RUA CAPITÃO VILARIM;S/N
8693;CENTRO;55700000;2608909;;AV JERONIMO HERACLIO;S/N
8694;DIVEROS;55700000;2608909;;PRAÇAS DA GAMELEIRA, SÃO SEBASTIÃO, PIRAUIRA E JOÃO ERNESTO;S/N
7772;Centro;56800000;2600104;;Avenida Rio Branco;
7769;Centro;56800000;2600104;;PRAÇA ANEL VIARIO DE CONTORNO ANTONIO VALADARES DE SOUZA;
7766;Centro;56800000;2600104;;PRAÇA NELSON OLIVEIRA;
7767;Centro;56800000;2600104;;PRAÇA PADRE CARLOS COTTART;
8804;Matinha;53565230;2600054;;Rua  Peroba;S/N
8806;CENTRO;55745000;2609709;CLUBE MUNICIPAL;RUA SIZENANDO MAXIMIANO DE AGUIAR;00
8821;CENTRO;55745000;2609709;CLUBE MUNICIPAL;RUA SIZENANDO MAXIMIANO DE AGUIAR;000
8860;Livramento;55770000;2616209;;Distrito de Livramento;s/n
8874;Zona Rural;56519990;2601201;;Povoado Riacho do Meio;sn
8882;OZANAN;55870000;2615300;;LOTEAMENTO OZANAN;S/N
8913;centro;55670000;2613305;;rodovia pe 112;s/n
8955;CENTRO;56780000;2614600;PRAÇA;PREÇA GONÇALO GOMES;S/N
8964;ZONA RURAL;56740000;2602506;;DISTRITO DE VILA DE FÁTIMA;S/N
8969;Centro;56506660;2601201;Praça;Rua  Neto Cavalcante;s/n
8970;Santa Luzia;56517070;2601201;Parque Portal do Ser;Rua Padre Roma;s/n
9048;São Cristóvão;56503070;2601201;Praça;Praça Gonçalves Maia;s/n
9102;São Cristóvão;56503550;2601201;Praça da Juventude;Avenida  Doutor Leonardo Arcoverde;s/n
9136;CENTRO;55900000;2606200;;AV. MARECHAL DEODORO DA FONSECA;S/N
9154;Centro;56850000;2605608;;Rua Otonio Andrada;s/n
9176;PAO DE AÇUCAR;55240000;2611200;PRAÇA DA LIBERDADE;PRAÇA DA LIBERDADE,PAO DE AÇUCAR;SN
9182;CENTRO;55340000;2600500;Revitalização Praças;PRAÇA NOSSA SENHORA CONCEIÇÃO;SN
9183;CENTRO;55340000;2600500;Revitalização Plaças;PRAÇA DEP. AUDALIO TENÓRIO DE ALBUQUERQUE;SN
9185;BARRA DE LAMA;55550000;2600401;;RUA DANTAS BARRETO;S/N
9188;centro;55190000;2612505;praça;Construção da Praça Teonilo SIlvestre - Rua Raimundo Francelino Aragão, Centro;-
9189;Distrito de Poço Fundo;55190000;2612505;CR 1025342-90/2015;rua Jose Francisco de Moura;-
9229;ZONA RURAL;56440000;2601607;;DISTRITO DE IBÓ;S/N
9232;CENTRO;55380000;2603108;PRAÇA;RUA SÃO VICENTE DE PAULA;S/N
9241;CENTRO;56600000;2614105;TERRENO;AV. AGAMENON MAGALHAES;S/N
9249;Mutirão;55665000;2603504;Estádio Evaldão;Rua José Francisco Carvalho Sobrinho;00
9250;Cruzeiro;55665000;2603504;Academia da Saúde;Rua São Félix;00
9254;Distrito Nova Guadalajara;55825972;2610608;;Rua 1;
9264;Centro;55000000;2604403;;Av Maria Doralice de Massena;S/N
9280;Centro;56180000;2603009;Praça;Praça Mozenir Araujó;s/n
9291;Zona Urbana e Zona Rural;55665000;2603504;; Praça Frei Luciano, Praça da Cultura, Praça de Santa Luzia e Praça do Bairro Novo ;s/n
9293;DISTRITO DE ESPÍRITO SANTO;55370000;2613008;;PRAÇA OSVALDO CELSO MACIEL;SN
9298;SAO SEBASTIAO;55340000;2600500;;RUA PADRE CICERO;SN
9333;Zona rural;55355000;2610301;;Povoado Alto da Serra;s/n
9384;Centro;55670970;2613305;;Praça Coronel Joaquim Lima;S/N
9414;CENTRO;56895000;2612471;;RUA PROJETADA 06;S/N
9421;Salgadinho;53110901;2609600;;Av. Olinda;S/N
9429;LOTEAMENTO JOSÉ LUSTOSA CATARELLI;56380000;2612604;;RUA 19;S/N
9441;Zona rural;55865000;2609006;;Povoado de Poco Comprido;Sn
9445;55865000;55865000;2609006;;RUA ALBERTO JOSÉ BEZERRA;SN
9471;Centro;56506590;2601201;;Praça da Bandeira;s/n
9473;Caetés III;53545120;2600054;;Rua Quarenta e Três;S/N
9475;CENTRO;55578000;2614857;;RUA PREFEITO JOSE BEZERRA SOBRINHO - PRAÇA DA JUVENTUDE;S/N
9476;CENTRO;55578000;2614857;;RUA PREFEITO JOSE BEZERRA SOBRINHO( PRAÇA DA LIBERDADE, MERCADO DE ARTESANATO E CENTRO DE INF. TURIS;S/N
9485;Novo e Mutirão;55665000;2603504;Extensão da Rua ;Rua José Francisco Carvalho Sobrinho;SN
9524;CENTRO;56830000;2607109;;Processos 314 211-87  e  1004 795-55;s/n
9526;DISTRITO DE GAMELEIRA;55700000;2608909;;MARGEM DA RODOVIA PE-090;SN
9529;ALTO SÃO JOSÉ;55650000;2610509;QUADRA DE ESPORTE;José Pereira de Araujo;SN
9539;BAIRRO DO BRUM;55409000;2607950;SEDE;RUA 01 - BRUM;SN
9567;CENTRO;55670000;2613305;;PRAÇA ANTÔNIA CABRAL;S/N
9572;Sítio Urucuba;55700000;2608909;;Rua Professor João Tomaz;sn
9573;Sítio Pitombeira;55700000;2608909;;Estrada de Pitombeira;sn
9578;VILA DELMIRO;56950000;2613503;;RUA MARIA JOSE GOMES LOPES;S/N
9579;DISTRITO SERROTE;56950000;2613503;;SERROTE;S/N
9580;DISTRITO SERROTE;56950000;2613503;;SERROTE;S/N
9581;CARMO;56950000;2613503;DISTRITO CARMO;RUA AFONSO ALVES DE CARVALHO;S/N
9583;CARMO;56950000;2613503;DISTRITO CARMO;RUA JOÃO NUNES DE BARROS;S/N
9585;VILA DELMIRO;DISTRITO SERROTE;DISTRITO CARMO;56950000;2613503;;RUA MARIA JOSÉ GOMES LOPES;RUA DO COMERCIO;RUA AFONSO ALVES DE CARVALHO;RUA JOÃO NUNES DE BARROS;S/N
9611;CENTRO;55670970;2613305;;PE-112;S/N
9620;Bairro Novo e Mutirão;55665000;2603504;Zona Urbana;Praça Gustavo Monteiro e canteiros, Praça da Vila São Pedro e canteiros;s/n
9644;CENTRO;55850000;2616308;PRAÇA;RUA MARIA PEDROSA RIBEIRO ;S/N
9650;Centro;55370000;2613008;;Praça Historiador Adalberto Paiva;S/N
9651;Centro;55370000;2613008;Praça da Matriz;Praça General João Siqueira;S/N
9652;Centro;55370000;2613008;Praça Santo Afonso;Rua Projetada 23 do Lot. Santo Afonso;S/N
9653;Centro;55370000;2613008;Lot. João Paulo II;Praça Juventino Oliveira;S/N
9654;Centro;55370000;2613008;Rua Nova;Praça Lívio Valença;S/N
9672;CENTRO;56740000;2602506;PRAÇA JACIRA MARQUES;RUA VEREADOR JOÃO S. FILHO;S/N
9679;CENTRO;56640000;2605103;;SITIO DONA NITA;SN
9702;Senzala;55818385;2604007;ENTRE  Nº 360 E 624;Avenida Doutor Severiano José Freire;000
9709;CENTRO;56180000;2603009;;Rua Nilo Coelho, Praça Cel. Arrison de Lima Ferraz;S/N
9725;Lot. Santa FIlomena;55190000;2612505;CR 363429-38/2011;Rua Severino Francelino Aragão;s/n
9737;zona rural;56210000;2612554;;Povoado de Campo Santo;s/n
9753;Boa Esperança;53580000;2600054;;Rua do Campo;S/N
9772;Vila Cohab;55520000;2611804;;Rua J (Requalificação do Ginásio Esportivo Fernandão);s/n
9887;CENTRO;55670970;2613305;;PRAÇA ANTONIA CABRAL;SN
9906;Centro;55190000;2612505;Praças desta avenida;Av. Padre Zuzinha;178
9939;centro;55190000;2612505;Praça;Av. Padre Zuzinha;s/n
9942;SANTA ROSA;56400000;2605707;;AVENIDA ANTONIO DE SOUZA JOTA/AV CAP. ANTONIO DAVI;S/N
9943;SANTA ROSA;56400000;2605707;;AVENIDA ANTONIO DE SOUZA JOTA/AV CAP. ANTONIO DAVI;S/N
9964;CENTRO;56430000;2607406;;AVENIDA PATRIARCA ANIBAL ALVES CANTARELLI;S/N
9965;CENTRO;56430000;2607406;;AVENIDA PATRIARCA ANIBAL ALVES CANTARELLI;S/N
9979;CENTRO;55870000;2615300;PRAÇA PUBLICA;RUA VIGARIO AUGUSTO(Reforma da Praça Dr. João Ferreira Lima Filho);S/N
9989;SÍTIO PAU SANTO;55720000;2608107;;RUA PAU SANTO;S/N
10043;JAGUARIBE;53900000;2607604;NAO;RUA ANTONIO LEITÃO;S/N
10047;Zona Rural;55420000;2603702;;Povoado de Paquevira ;s/n
10048;Elisa Holanda ;55420000;2603702;;Rua São Sebastião;s/n
10051;Granjas;55560000;2601409;Academia da Cidade;Av. Presidente Kenedy;S/N
10059;CENTRO;55695000;2612000;LOT. LUCIANO ANDRADE;RUA PROJETADA;S/N
10069;CENTRO;54800000;2609402;ESPAÇ VALDEMIR SILVA;AV. SOFRÔNIO PORTELA;S/N
10070;CENTRO;54800000;2609402;PARQUE DA CIDADE;AV. SOFRÔNIO PORTELA;S/N
10071;CENTRO;54800000;2609402;PÇ DA IGREJA BATISTA;AV. DR. SOFRÔNIO PORTELA;S/N
10072;CENTRO;54800000;2609402;PRAÇA DA PAIXÃO;AV. DR. SOFRÔNIO PORTELA;S/N
10073;CENTRO;54800000;2609402;ESPAÇO ZAZART GOMES;AV. DR. SOFRÔNIO PORTELA;S/N
10074;CENTRO;54800000;2609402;PRAÇA DA BANDEIRA;AV. DR. SOFRÔNIO PORTELA;S/N
10075;CENTRO;54800000;2609402;PÇ DOM HÈLDER CÂMARA;AV. DR. SOFRÔNIO PORTELA;S/N
10076;CENTRO;54800000;2609402;PRAÇA DOM BOSCO;AV. DR. SOFRÔNIO PORTELA;S/N
10079;Centro;56830000;2607109;Sede do Município;Canteiro Central da Ruas Aurélio Quincas e  São Sebastião;s/n
10080;PERPETUO SOCORRO;55260000;2600609;;PRAÇA PADRE JOSE FRANCA;SN
10081;CENTRO;55695000;2612000;LOT. LUCIANO ANDRADE;RUA PROJETADA;S/N
10083;DIST. PERPETUO SOCORRO;55260000;2600609;PRACA;PC PADRE FRANCA;11
10084;DIST. PERPETUO SOCORRO;55260000;2600609;PRACA;PC PADRE FRANCA;11
10105;Centro;55370000;2613008;Estadio de Futebol;Estrada do Gravata;S/N
10174;PITOMBEIRA;55700000;2608909;POR TRÁS DA ESCOLA;SÍTIO PITOMBEIRA;SN
10175;URUCUBA;55700000;2608909;POR TRÁS DA ESCOLA;VILA URUCUBA;SN
10178;Caetés III;53545120;2600054;;Rua Quarenta e Três;S/N
10194;CENTRO;55480000;2608404;;PRAÇA DA CONCEIÇÃO;S/N
10195;Salinas;55120000;2611705;;Rua Maximino Ferreira;s/n
10203;ZONA RURAL ILHA DE ASSUNÇÃO;56180000;2603009;CO 1038064-40/2016;COMUNIDADE INDÍGENA TRUKA ILHA DE ASSUNÇÃO;S/N
10209;ALDEIA INDIGENA FULNI-Ô;55340000;2600500;;RUA PADRE CICERO;00
10212;DISTRITO;55845000;2602704;AREA RURAL;POVOADO LAGOA DO OUTEIRO;S/N
10235;Centro;56120000;2616100;;Povoado Lagoa dos Milagres;01
10239;Centro;56420000;2603926;;Avenida Argemiro José Torres;00
10254;ZONA RURAL;55420000;2603702;;POVOADO DE PAQUEVIRA;S/N
10255;ZONA RURAL;55420000;2603702;;POVOADO DE PAQUEVIRA;S/N
10256;ELISA HOLANDA;55420000;2603702;;RUA SÃO SEBASTIÃO ;S/N
10267;CENTRO ;55375000;2603306;;RUA PEDRO CESÁRIO;70
10268;ZONA RURAL;55375000;2603306;;POVOADO PITOMBEIRA;S/N
10271;centro;56895000;2612471;;Rua Henrique Pedro da Silva;s/nº
10346;CENTRO;56600000;2614105;TERRENO;RUA DA ESTAÇÃO;S/N
10400;Centro;56120000;2616100;;Avenida David Jacinto;SN
10412;CENTRO;56190000;2615201;PRAÇA;RUA PRAÇA CORONEL JEREMIAS PARENTE DE SÁ	;S/N
10413;centro;56190000;2615201;PRAÇA;R. Cornelio Antonio Pereira;s/n
10468;Centro;56420000;2603926;;Avenida Argemiro José Torres;00
10493;Centro;55695000;2612000;;RUA CORONEL JOSE PESSOA;s/n
10494;Centro;55695000;2612000;;RUA CORONEL JOSE PESSOA;s/n
10528;CENTRO;56120000;2616100;;AVENIDA DAVID JACINTO;SN
10555;CACIMBA NOVA;56950000;2613503;;PE-430;KM-16
10579;Vila Delmiro;56950000;2613503;;Rua Maria José Gomes Lopes;S/N
10589;CENTRO;56200000;2609907;;Av. Manoel Irineu de Araújo;633
10607;Vila Delmiro;56950000;2613503;;Rua Maria José Gomes Lopes;S/N
10619;JAGUARIBE;53900000;2607604;PRAÇA;RUA BENIGNO CORDEIRO GALVÃO;S/N
10627;Distrito Lagoa dos Milagres;56120000;2616100;;Distrito Lagoa dos Milagres;s\n
10644;CENTRO;55695000;2612000;;RUA CORONEL JOSE PESSOA;S/N
10674;FORTE;53900000;2607604;MARGEM DA PE;RUA MANARI;SN
10772;Distrito do Carmo;56950000;2613503;;RUA AFONSO ALVES CARVALHO;S/N
10807;ZONA RURAL;55375000;2603306;.;SÍTIO MOCÓS;S/N
10808;ZONA RURAL;55375000;2603306;;RIACHO DANTAS;S/N
10841;Boa Vista;56519120;2601201;;Rua A;s/n
10842;Boa Vista;56519120;2601201;;Rua A;s/n
10843;São Cristóvão;56503780;2601201;Cjt. Novo Arcoverde;Rua E;s/n
10844;Povoado Ipojuca ;55590000;2601201;Dist. de Arcoverde;PE - 219;s/n
10884;CENTRO;55730000;2602209;;PRAÇA DE EVENTOS JOÃO SALVINO BARBOSA E PRAÇA SÃO SEBASTIÃO;SN
10889;CENTRO;55920000;2607653;DISTRITO QUEBEC;RUA GOIANA;S/N
10894;Centro;54735110;2613701;;Rua Doutor Pedro Augusto Correia de Araújo;360
10941;Centro;55730000;2602209;;Praça São Sebastião;S/N
10942;Centro;55730000;2602209;;Praça de Eventos João Salvino Barbosa;S/N
10974;CENTRO;56828000;2611533;;PRAÇA SOLIDÔNIO PEREIRA DE CARVALHO;S/N
10975;CENTRO;56828000;2611533;;PRAÇA SOLIDÔNIO PEREIRA DE CARVALHO;S/N
10993;Distrito do Carmo;56950000;2613503;;Rua Afonso Alves de Carvalho;S/N
11013;Vila Fortuna;56950000;2613503;;Rua Projetada;S/N
11014;ZONA RURAL;55345000;2606507;BELA VISTA;AVENIDA AGUAS BELAS;S/N
11035;CENTRO;55398000;2608255;;PRAÇA EUCLIDES MOREIRA;S/N
11036;VILA NEVES;55398000;2608255;;PRAÇA JOAQUIM LÚCIO DA SILVA;S/N
11135;CENTRO;55398000;2608255;SEDE DO MUNICIPIO;PRAÇAS PEDRO PEIXOTO E EUCLIDES MOREIRA;S/N
11136;POVOADO NEVES;55398000;2608255;;PRAÇAS ;S/N
11137;POVOADO NEVES;55398000;2608255;;PRAÇAS ;S/N
11157;Cabaceira;55750000;2614501;;Rua José Malaquias Guerra;s/n
11178;CENTRO;55398000;2608255;;RUA JUVENAL PEIXOTO;S/N
11226;SANTA ROSA;56400000;2605707;;AVENIDA CAPITÃO ANTÔNIO DAVI;S/N
11236;CENTRO;53690000;2601052;;PE 041;0001
11281;DISTRITO DE MATRIZ DA LUZ;54749990;2613701;;PRAÇAS ADÃO JOSÉ DE MORAIS E MATRIZ DA LUZ;S/N
11301;CENTRO;55515000;2600906;;RUA FREI CANECA;S/N
11322;Caetés III;53545120;2600054;;Rua Quarenta e Três;S/N
11351;BELA VISTA;55345000;2606507;AS MARGENS DA BR 423;AVENIDA AGUAS BELAS;S/N
11354;Centro;53510770;2600054;;Rua Governador Eduardo Henrique Accioly Campos;S/N
11372;Vila Trapiá;55120000;2611705;Escola José Joaquim ;Rua Antônio Rosendo de Lima;S/N
11382;CENTRO;55845000;2602704;; Praça Padre Mário Leitao;S/N
11383;CENTRO;55520000;2611804;;PRAÇA ABELARDO SENA;S/N
11390;CENTRO;55520000;2611804;;AV. RÁDIO CLUBE;S/N
11407;ESPIRITO SANTO;56780000;2614600;;RUA JOÃO FERREIRA DA COSTA;SN
11415;CAATINGUEIRA;56840000;2606903;;POVOADO DA CAATINGUEIRA CONTRATO 104885791;SN
11422;CENTRO;55845000;2616308;; RUA MARIA PEDROSA RIBEIRO;S/N
11539;POVOADO IPOJUCA;55590000;2601201;Praça;Povoado Ipojuca do Município de Arcoverde;sn
11540;São Miguel;56510230;2601201;Mirante do Cruzeiro ;Rua Mário Napoleão Arcoverde;sn
11564;Povoado de Ipojuca;55590000;2601201;Praça;Povoado Ipojuca do Município de Arcoverde;sn
11565;São Miguel;56510230;2601201;Mirante do Cruzeiro ;Rua Mário Napoleão Arcoverde;sn
11633;BELA VISTA;55345000;2606507;;AVENIDA AGUAS BELAS ;S/N
11645;CENTRO;56750000;2612802;REVIT PCA CENTRAL;RUA JOSÉ ROMÃO;SN
11653;DISTRITO DE MATRIZ DA LUZ;54735565;2613701;;PRAÇAS ADÃO JOSÉ DE MORAIS E MATRIZA DA LUZ;S/N
11680;Centro;54800000;2609402;Novo Centro Moreno;Av. Sofrônio Portela;s/n
11684;LUAR DO PRINCIPIE ;55125000;2615409;;RUA PROJETADA 22;S/N
11695;Zona Rural;56580000;2606606;;Povoado Poço do Boi;SN
11696;Moxotó;56580000;2606606;;Distrito Moxotó;SN
11697;Zona Rural;56580000;2606606;;Povoado Poço do Boi;SN
11698;Moxotó;56580000;2606606;;Distrito Moxotó;SN
11714;Distrito de Campo Santo;56210000;2612554;;Rua principal do Povoado de Campo Santo;s/n
11735;CENTRO ;56400000;2605707;;AVENIDA DEP. AUDOMAR FERRAZ;S/N 
11799;DISTRITO DE VILA NEVES;55398000;2608255;;PRAÇA JOAQUIM LÚCIO;S/N
11800;DISTRITO DE VILA NEVES;55398000;2608255;;PRAÇA SHEILLA PATRICIA ;S/N
11802;CENTRO;55398000;2608255;;PRAÇA EUCLIDES MOREIRA;S/N
11803;CENTRO;55398000;2608255;;PRAÇA PEDRO PEIXOTO;S/N
11805;CENTRO;56130000;2604304;;AVENIDA TIRADENTES;SN
11836;MUSSUREPE;55825000;2610608;;USINA MUSSUREPE;S/N
11862;centro;55305000;2615102;;rua agamenom magalhaes;sn
11863;CENTRO;55570000;2611903;;RUA PEDRO DE ALBUQUERQUE;S/N
11874;BEIRA RIO;56180000;2603009;PUBLICO;RUA DA MATRIZ;S/N
11916;BOA VISTA;56580000;2606606;;PRAÇA;S/N
11919;LARGO  CICERO LACERDA;56480000;2614808;;Praça Nossa Senhora dos Navegantes;S/N
11953;CENTRO;55410000;2612901;CONSTRUÇÃO DE PATIO;RUA DA BOA VISTA;SN
12026;Centro;55450000;2608701;;Avenida Estácio Coimbra;S/N
12047;centro;55360000;2603207;;Rua Projetada ;s/n
12052;CENTRO;55360000;2603207;;RUA PROJETADA ;S/N
12054;CENTRO;55390000;2606705;;PRAÇA AGAMENON MAGALHÃES;S/N
12055;CENTRO;55390000;2606705;;PRAÇA JOSÉ INÁCIO DE SOBRAL;S/N
12061;CENTRO;55395000;2608305;;RUA JOSÉ LIBERATO DE OLIVEIRA;S/N
12074;Alto da Serra;55355000;2610301;;Povoado Alto da Serra;S/N
