﻿cod_ibge;nome_municipio;UF
2600054;Abreu e Lima;PE
2600104;Afogados da Ingazeira;PE
2600203;Afrânio;PE
2600302;Agrestina;PE
2600401;Água Preta;PE
2600500;Águas Belas;PE
2600609;Alagoinha;PE
2600708;Aliança;PE
2600807;Altinho;PE
2600906;Amaraji;PE
2601003;Angelim;PE
2601052;Araçoiaba;PE
2601102;Araripina;PE
2601201;Arcoverde;PE
2601300;Barra de Guabiraba;PE
2601409;Barreiros;PE
2601508;Belém de Maria;PE
2601607;Belém de São Francisco;PE
2601706;Belo Jardim;PE
2601805;Betânia;PE
2601904;Bezerros;PE
2602001;Bodocó;PE
2602100;Bom Conselho;PE
2602209;Bom Jardim;PE
2602308;Bonito;PE
2602407;Brejão;PE
2602506;Brejinho;PE
2602605;Brejo da Madre de Deus;PE
2602704;Buenos Aires;PE
2602803;Buíque;PE
2602902;Cabo de Santo Agostinho;PE
2603009;Cabrobó;PE
2603108;Cachoeirinha;PE
2603207;Caetés;PE
2603306;Calçado;PE
2603405;Calumbi;PE
2603454;Camaragibe;PE
2603504;Camocim de São Félix;PE
2603603;Camutanga;PE
2603702;Canhotinho;PE
2603801;Capoeiras;PE
2603900;Carnaíba;PE
2603926;Carnaubeira da Penha;PE
2604007;Carpina;PE
2604106;Caruaru;PE
2604155;Casinhas;PE
2604205;Catende;PE
2604304;Cedro;PE
2604403;Chã de Alegria;PE
2604502;Chã Grande;PE
2604601;Condado;PE
2604700;Correntes;PE
2604809;Cortês;PE
2604908;Cumaru;PE
2605004;Cupira;PE
2605103;Custódia;PE
2605152;Dormentes;PE
2605202;Escada;PE
2605301;Exu;PE
2605400;Feira Nova;PE
2605459;Fernando de Noronha;PE
2605509;Ferreiros;PE
2605608;Flores;PE
2605707;Floresta;PE
2605806;Frei Miguelinho;PE
2605905;Gameleira;PE
2606002;Garanhuns;PE
2606101;Glória do Goitá;PE
2606200;Goiana;PE
2606309;Granito;PE
2606408;Gravatá;PE
2606507;Iati;PE
2606606;Ibimirim;PE
2606705;Ibirajuba;PE
2606804;Igarassu;PE
2606903;Iguaraci;PE
2607000;Inajá;PE
2607109;Ingazeira;PE
2607208;Ipojuca;PE
2607307;Ipubi;PE
2607406;Itacuruba;PE
2607505;Itaíba;PE
2607604;Ilha de Itamaracá;PE
2607653;Itambé;PE
2607703;Itapetim;PE
2607752;Itapissuma;PE
2607802;Itaquitinga;PE
2607901;Jaboatão dos Guararapes;PE
2607950;Jaqueira;PE
2608008;Jataúba;PE
2608057;Jatobá;PE
2608107;João Alfredo;PE
2608206;Joaquim Nabuco;PE
2608255;Jucati;PE
2608305;Jupi;PE
2608404;Jurema;PE
2608453;Lagoa do Carro;PE
2608503;Lagoa do Itaenga;PE
2608602;Lagoa do Ouro;PE
2608701;Lagoa dos Gatos;PE
2608750;Lagoa Grande;PE
2608800;Lajedo;PE
2608909;Limoeiro;PE
2609006;Macaparana;PE
2609105;Machados;PE
2609154;Manari;PE
2609204;Maraial;PE
2609303;Mirandiba;PE
2609402;Moreno;PE
2609501;Nazaré da Mata;PE
2609600;Olinda;PE
2609709;Orobó;PE
2609808;Orocó;PE
2609907;Ouricuri;PE
2610004;Palmares;PE
2610103;Palmeirina;PE
2610202;Panelas;PE
2610301;Paranatama;PE
2610400;Parnamirim;PE
2610509;Passira;PE
2610608;Paudalho;PE
2610707;Paulista;PE
2610806;Pedra;PE
2610905;Pesqueira;PE
2611002;Petrolândia;PE
2611101;Petrolina;PE
2611200;Poção;PE
2611309;Pombos;PE
2611408;Primavera;PE
2611507;Quipapá;PE
2611533;Quixaba;PE
2611606;Recife;PE
2611705;Riacho das Almas;PE
2611804;Ribeirão;PE
2611903;Rio Formoso;PE
2612000;Sairé;PE
2612109;Salgadinho;PE
2612208;Salgueiro;PE
2612307;Saloá;PE
2612406;Sanharó;PE
2612455;Santa Cruz;PE
2612471;Santa Cruz da Baixa Verde;PE
2612505;Santa Cruz do Capibaribe;PE
2612554;Santa Filomena;PE
2612604;Santa Maria da Boa Vista;PE
2612703;Santa Maria do Cambucá;PE
2612802;Santa Terezinha;PE
2612901;São Benedito do Sul;PE
2613008;São Bento do Una;PE
2613107;São Caetano;PE
2613206;São João;PE
2613305;São Joaquim do Monte;PE
2613404;São José da Coroa Grande;PE
2613503;São José do Belmonte;PE
2613602;São José do Egito;PE
2613701;São Lourenço da Mata;PE
2613800;São Vicente Ferrer;PE
2613909;Serra Talhada;PE
2614006;Serrita;PE
2614105;Sertânia;PE
2614204;Sirinhaém;PE
2614303;Moreilândia;PE
2614402;Solidão;PE
2614501;Surubim;PE
2614600;Tabira;PE
2614709;Tacaimbó;PE
2614808;Tacaratu;PE
2614857;Tamandaré;PE
2615003;Taquaritinga do Norte;PE
2615102;Terezinha;PE
2615201;Terra Nova;PE
2615300;Timbaúba;PE
2615409;Toritama;PE
2615508;Tracunhaém;PE
2615607;Trindade;PE
2615706;Triunfo;PE
2615805;Tupanatinga;PE
2615904;Tuparetama;PE
2616001;Venturosa;PE
2616100;Verdejante;PE
2616183;Vertente do Lério;PE
2616209;Vertentes;PE
2616308;Vicência;PE
2616407;Vitória de Santo Antão;PE
2616506;Xexéu;PE
