﻿desc_porte;idporte
Pequeno ( área útil até 3.000 m²  );1
Médio ( área útil de 3.000 m² até 10.000 m²  );2
Grande ( área útil superior a 10.000 m²  );3
até 10 ha;4
de 10,1 a 30 ha;5
de 30,1 a 50 ha;6
de 50,1 a 100 ha;7
acima de 100 ha;8
até 10 ha;9
de 10,1 a 30 ha;10
de 30,1 a 50 ha;11
de 50,1 a 100 ha;12
acima de 100 ha;13
até 50,0 ton/dia;14
de 50,1 a 100,0 ton/dia;15
de 100,1 a 200,0 ton/dia;16
de 200,1 a 300,0 ton/dia;17
acima de 300,0 ton/dia;18
até 30,0 ton/dia;19
de 30,1 a 80,0 ton/dia;20
de 80,1 a 150,0 ton/dia;21
de 150,1 a 200,0 ton/dia;22
acima de 200,0 ton/dia;23
até 40,0 ton/dia;24
de 40,1 a 100,0 ton/dia;25
acima de 100,0 ton/dia;26
Residio classe II até 50 ton/dia;27
Residio classe II acima de 50 ton/dia;28
Residio classe I até 50 ton/dia;29
Residio classe I acima de 50 ton/dia;30
até 10 caminhões;31
de 11 a 50 caminhões;32
acima de 50 caminhões;33
até 10 ton;34
de 10,1 a 30 ton;35
acima de 30 ton;36
de 5.001 a 10.000 habitantes atendidos;39
até 5 km;40
de 5,1 a 15 km;41
acima de 15 km;42
até 5 caminhões;43
de 6 a 10 caminhões;44
de 11 a 20 caminhões;45
acima de 20 caminhões;46
1 ou 2 wc's;47
de 3 a 5 wc's;48
de 6 a 8 wc's;49
de 9 a 13 wc's;50
de 14 a 20 wc's;51
de 21 a 34 wc's;52
de 35 a 53 wc's;53
de 54 a 81 wc's;54
de 82 a 129 wc's;55
de 130 a 199 wc's;56
de 200 a 319 wc's;57
de 320 a 499 wc's;58
de 500 a 699 wc's;59
acima de 700 wc's;60
até 50 unid.;61
de 51 a 70 unid.;62
de 71 a 100 unid.;63
de 101 a 300 unid.;64
acima de 300 unid.;65
até 2 ha;66
de 2,1 a 5 ha;67
de 5,1 a 10 ha;68
de 10,1 a 30 ha;69
de 30,1 a 50 ha;70
de 50,1 a 100 ha;71
acima de 100 ha;72
Pequeno (área útil até 3.000m²);73
Médio (área útil maior que 3.000m² e igual ou menor que 10.000m²);74
Grande (área útil maior que 10.000m²);75
até 10 quartos;76
de 11 a 20 quartos;77
de 21 a 50 quartos;78
de 51 a 100 quartos;79
de 101 a 300 quartos;80
acima de 300 quartos;81
até 50 celas;82
de 51 a 100 celas;83
de 101 a 300 celas;84
de 301 a 1.000 celas;85
acima de 1.000 celas;86
até 3.000 m²;87
de 3.001 a 6.000 m²;88
de 6.001 a 10.000 m²;89
acima de 10.000 m²;90
até 100 m²;91
de 101 a 500 m²;92
acima de 500 m²;93
até 50 quartos;94
de 51 a 100 quartos;95
de 101 a 200 quartos;96
acima de 200 quartos;97
até 50 cabines;98
acima de 50 a 100 cabines;99
acima de 100 a 500 cabines;100
acima de 500 cabines;101
até 20 km;102
de 20,1 a 50 km;103
de 50,1 a 300 km;104
acima de 300 km;105
até 20 km;106
de 20,1 a 50 km;107
de 50,1 a 300 km;108
acima de 300 km;109
até 5 km;110
de 5,1 a 15 km;111
acima de 15 km;112
até 5 km;113
de 5,1 a 15 km;114
acima de 15 km;115
até 50 m;116
de 50,1 a 100 m;117
de 100,1 a 200 m;118
acima de 200 m;119
até 1.000 habitantes atendidos;120
até 5 hectares;121
acima de 5 a 12 hectares;122
acima de 12 a 25 hectares;123
acima de 25 a 50 hectares;124
acima de 50 hectares;125
até 140 m³;128
acima de 140 a 1.000 m³;129
acima de 1.000 a 3.500 m³;130
acima de 3.500 a 9.000 m³;131
acima de 9.000 m³;132
até 5.000 m³;133
acima de 5000 a 12.500 m³;134
acima de 12.500 a 30.000 m³;135
acima de 30.000 a 62.000 m³;136
acima de 62.000 m³;137
até 5 hectares;138
acima de 5 a 12 hectares;139
acima de 12 a 25 hectares;140
acima de 25 a 50 hectares;141
acima de 50 hectares;142
até 5 hectares;143
acima de 5 a 10 hectares;144
acima de 10 a 30 hectares;145
acima de 30 a 50 hectares;146
acima de 50 hectares;147
até 1.000 m²;148
acima de 1.000 a 3.000 m²;149
acima de 3.000 a 5.000 m²;150
acima de 5.000 a 10.000 m²;151
acima de 10.000 m²;152
até 400 m²;153
acima de 400 a 800 m²;154
acima de 800 a 1.200 m²;155
acima de 1.200 m²;157
até 1.000 m²;158
acima de 1.000 a 3.000 m²;159
acima de 3.000 a 5.000 m²;160
acima de 5.000 a 10.000 m²;161
acima de 10.000 m²;162
acima de 2 a 5 hectares;164
acima de 5 a 10 hectares;165
acima de 10 a 50 hectares;166
acima de 50 hectares;167
até 200 m²;168
de 200 a 400 m²;169
de 400 a 600 m²;170
acima de 600 m²;171
acima de 800 hectares;172
acima de 500 a 800 hectares;173
até 100 hectares;174
acima de 100 a 200 hectares;175
acima de 200 a 500 hectares;176
de 366,80 a 564,30 ha;177
de 564,31 a 1326,11 ha;178
de 1326,12 a 1.890,41 ha;179
de 1.890,42 a  2.454,71 ha;180
de 2.454,72 a 3.019,01 ha;181
acima de 3.019,01 ha;182
de 357,51 a 550,00 ha;183
de 550,01 a 1292,50 ha;184
de 1292,51 a 1.842,50 ha;185
de 1.842,51 a 2.392,50 ha;186
de 2.392,51 a 2.942,50 ha;187
acima de 2.942,50 ha;188
de 455,01 a 700,00 ha;189
de 700,01 a 1645,00 ha;190
de 1645,01 a 2.345,00 ha;191
de 2.345,01 a 3.045,00 ha;192
de 3.045,01 a 3.745,00 ha;193
acima de 3.745,00 ha;194
de 422,51 a 650,00 ha;195
de 650,01 a 1527,50 ha;196
de 1527,51 a 2,177,50 ha;197
de 2.177,51 a 2.827,50 ha;198
de 2.827,51 a 3.477,50 ha;199
acima de 3.477,50 ha;200
de 260,0 a 400,00 ha;201
de 400,01 a  940,00 ha;202
de 940,01 a 1.340,00 ha;203
de 1.340,01 a 1.740,00 ha;204
de 1.740,01 a 2.140,00 ha;205
acima de 2.140,00 ha;206
de 399,30 a 614,30 ha;207
de 614,31 a 1443,61 ha;208
de 1443,62 a 2.057,91 ha;209
de 2.057,92 a 2.672,21 ha;210
de 2.672,22 a 3.286,51 ha;211
acima de 3.286,51 ha;212
de 241,48 a 371,50 ha;213
de 371,51 a 873,03 ha;214
de 873,04 a 1.244,53 ha;215
de 1,244,54 a 1.616,03 ha;216
de 1.616,04 a 1.987,53 ha;217
acima de 1.987,53 ha;218
de 169,79 a 261,20 ha;219
de 261,21 a 652,43 ha;221
de 652,44 a 913,63 ha;222
de 913,64 a 1.174,83 ha;223
de 1.174,84 a 1.436,03 ha;224
acima de 1.436,03 ha;225
de  156,72 a 241,10 ha;226
de 241,11 a 566,59 ha;227
de 566,60 a 807,69 ha;228
de 807,70 a 1.048,79 ha;229
de 1.048,80 a 1.289,89 ha;230
acima de 1.289,89 ha;231
de 95,36 a 146,70 ha;232
de 146,71 a 344,75 ha;233
de 344,76 a 491,45 ha;235
de 491,46 a 638,15 ha;236
de 638,16 a 784,85 ha;237
acima de 784,85 ha;238
de 93,74 a 144,20 ha;239
de 144,21 a 338,87 ha;240
de 338,88  a 483,07 ha;241
de 483,08 a 627,27 ha;242
de 627,28 a 771,47 ha;243
acima de 771,47 ha;244
de 57,60 a 88,60 ha;245
de 88,61 a 208,21 ha;246
de 208,22 a 296,81 ha;247
de 296,82 a 385,41 ha;248
de 385,42 a 474,01 ha;249
acima de 474,01 ha;250
até 2 hectares;251
de 220,08 a 282,15 ha;252
de 282,16 a 626,38 ha;253
de 626,39 a 1.190,68 ha;254
de 1.190,69 a 1.754,99 ha;255
de 1.755,00 a 2.883,58 ha;256
acima de 2.883,58 ha;257
de 214,51 a 275,00 ha;258
de 275,01 a 610,50 ha;259
de 610,51 a 1.160,50 ha;260
de 1.160,51 a 1.710,50 ha;261
de 1.710,51 a 2.810,50 ha;263
acima de 2.810,50 ha;264
de 273,01 a 350,00 ha;265
de 350,01 a 777,00 ha;266
de 777,01 a 1.477,00 ha;267
de 1.477,01 a 2.177,00 ha;268
de 2.177,01 a 3.577,00 ha;269
acima de 3.577,00 ha;270
de 253,51 a 325,00 ha;271
de 325,01 a 721,50 ha;272
de 721,51 a 1.371,50 ha;273
de 1.371,51 a 2.021,50 ha;274
de 2.021,51 a 3.321,50 ha;275
acima de 3.321,50 ha;276
de 156,01 a 200,00 ha;277
de 200,01 a 444,00 ha;278
de 444,01 a 844,00 ha;279
de 844,01 a 1.244,00 ha;280
de 1.244,01 a 2.044,00 ha;281
acima de 2.044,00 ha;282
de 239,58 a 307,15 ha;283
de 307,16 a 681,88 ha;284
de 681,89 a 1.296,18 ha;285
de 1.296,19 a 1.910,48 ha;286
de 1.910,49 a 3.139,08 ha;287
acima de 3.139,08 ha;288
de 144,89 a 185,75 ha;289
de 185,76 a 412,37 ha;290
de 412,38 a 783,87 ha;291
de 783,88 a 1.155,37 ha;292
de 1.155,38 a 1.898,37 ha;293
acima de 1.898,37 ha;294
de 101,87 a 130,60 ha;295
de 130,61 a 289,94 ha;296
de 289,95 a 551,14 ha;297
de 551,15 a 812,34 ha;298
de 812,35 a 1.334,74 ha;299
acima de 1.334,74 ha;300
de 98,03 a 120,55 ha;301
de 120,56 a 267,63 ha;302
de 267,64 a 508,73 ha;303
de 508,74 a 749,83 ha;304
de 749,84 a 1.232,03 ha;305
acima de 1.232,03 ha;306
de 57,22 a 73,35 ha;307
de 73,36 a 162,84 ha;308
de 162,85 a 309,54 ha;309
de 309,55 a 456,24 ha;310
de 456,25 a 749,64 ha;311
acima de 749,64 ha;312
de 56,24 a 72,10 ha;313
de 72,11 a 160,07 ha;314
de 160,08 a 304,27 ha;315
de 304,28 a 448,47 ha;316
de 448,48 a 736,87 ha;317
acima de 736,87 ha;318
de 34,56 a 44,30 ha;319
de 44,31 a 98,35 ha;320
de 98,36 a 186,95 ha;321
de 186,96 a 275,55 ha;322
de 275,56 a 452,5 ha;323
acima de 452,5 ha;324
até 1.000 m²;325
de 1.001 a 8.000 m²;326
acima de 8.000 m²;327
até 500 m²;328
de 501 até 1000 m²;329
de 1.001 a 8.000 m²;330
acima de 8.000 m²;331
até 1.000 m²;332
de 1.001 a 8.000 m²;333
acima de 8.000 m²;334
Ramal;335
Principal;336
Bolsão;337
até 10 veículos;338
de 11 a 50 caminhões;339
acima de 50 caminhões;340
até 10 caminhões;341
de 11 a 50 caminhões;342
acima de 50 caminhões;343
até 40 botijões *Botijões cheios, parcialmente utilizados ou vazios.;344
até 120 botijões *Botijões cheios, parcialmente utilizados ou vazios.;345
até 480 botijões *Botijões cheios, parcialmente utilizados ou vazios.;346
até 1920 botijões *Botijões cheios, parcialmente utilizados ou vazios.;347
até 3840 botijões *Botijões cheios, parcialmente utilizados ou vazios.;348
até 7680 botijões *Botijões cheios, parcialmente utilizados ou vazios.;349
acima de 7680 botijões;350
Estadual;351
Nacional;352
Internacional;353
Estadual;354
Nacional;355
Internacional;356
até 50 barcos;357
de 51 a 100 barcos;358
acima de 100 barcos;359
13.8 KV;360
69 KV;361
230 KV;362
500 KV;363
até 5 km;364
de 5,1 a 15 km;365
acima de 15 km;366
até 45 w;367
entre 45 e 200 w;368
acima de 200 w;369
até 500 m²;370
de 501 a 2.000 m²;371
de 2.001 a 5.000 m²;372
acima de 5.000 m²;373
até 100 Kw;374
de 101 a 300 Kw;375
de 601 a 1.000 Kw;376
de 1.001 a 2.000 Kw;377
acima de 2.000 Kw;378
de 301 a 600 Kw;379
até 1.000 m²;380
de 1.001 a 5.000 m²;381
de 5.001 a 10.000 m²;382
acima de 10.000 m²;383
até 5.000 m²;384
de 5.001 a 20.000 m²;385
de 20.001 a 50.000 m²;386
acima de 50.000 m²;387
até 1.000 m;388
de 1.001 a 5.000 m;389
de 5.001 a 10.000 m;390
de 10.001 a 50.000 m;391
acima de 50.000 m;392
até 1.000 m;393
de 1.001 a 3.000 m;394
de 3.001 a 5.000 m;395
acima de 5.000 m;396
até 20 m³/hora;397
entre 20,1 e 50 m³/hora;398
entre 50,1 e 250 m³/hora;399
entre 250,1 e 500 m³/hora;400
até 1.000 m³;402
de 1.001 a 5.000 m³;403
de 5.001 a 30.000 m³;404
de 30.001 a 70.000 m³;405
acima de 70.000 m³;406
Ligado à Rede Pública;407
Outros Sistemas;408
até 5 km;409
de 5,1 a 10 km;410
acima de 10 km;411
Pequeno (até 10 Mw);412
Médio (de 10 a 50 Mw);413
Grande (acima de 50 Mw);414
até 10 empregados;415
de 11 a 50 empregados;416
acima de 50 empregados;417
até 50 (Volume de acumulação em 1.000 metros cúbicos);418
de 51 a 100 (Volume de acumulação em 1.000 metros cúbicos);419
de 101 a 500 (Volume de acumulação em 1.000 metros cúbicos);420
de 501 a 1000 (Volume de acumulação em 1.000 metros cúbicos);421
acima de 1.000 (Volume de acumulação em 1.000 metros cúbicos);422
até 1.000.000,00 (Volume de acumulação em metros cúbicos no semi-árido);423
acima de 1.000.000,00 (Volume de acumulação em metros cúbicos no semi-árido);424
até 18 m³/hora;425
de 18,1 a 50 m³/hora;426
de 50,1 a 250 m³/hora;427
de 250,1 a 500 m³/hora;428
acima de 500 m³/hora;429
até 18 m³/hora;430
de 18,1 a 50 m³/hora;431
de 50,1 a 250 m³/hora;432
de 250,1 a 500 m³/hora;433
acima de 500 m³/hora;434
até 10,0 km;435
de 10,1 a 50,0 km;436
acima 50 km;437
até 5 m³/hora;438
de 5,1 a 20 m³/hora;439
de 20,1 a 40 m³/hora;440
acima de 40 m³/hora;441
Comercial;442
Industrial Pequeno (até 100 Kw);443
Industrial Médio (de 101 a 1.000 Kw);444
Industrial Grande (acima de 1.000 Kw);445
acima de 500 m³/hora;446
Poços localizados no semi-árido e perfurados no cristalino.;447
até 20 ton/dia;448
até 20 m³/dia;449
até 5 ton/dia;450
até 1.000 m³;452
até 5 Km;453
até 1.000 m³;454
até 10,0 km;456
PESQUISAS AMBIENTAIS;457
até 200 m;458
até 100 ha;459
de 101 a 200 ha;460
de 201 até 250 ha;461
a partir de 251 ha;462
até 100 ha;463
de 101 até 200 ha;464
de 201 até 300 ha;465
a partir de 301 ha;466
até 20 ha;467
de 21 a 50 ha;468
de 51 a 100 ha;469
de 101 a 200 ha;470
de 201 a 250 ha;471
a partir de 251 ha;472
até 15 ha;473
a partir de 15,01 ha;474
até 50 ha;475
de 51 ha a 100 ha;476
de 101 ha a 200 ha;477
a partir de 201 ha;478
até 100 ha;479
de 101 a 200 ha;480
a partir de 301 ha;481
de 201 a 300 ha;482
até 100 ha;483
de 101 a 200 ha;484
de 201 a 300 ha;485
a partir de 301 ha;487
de 20,1 a 100  ton/dia;488
acima de 100 ton/dia;489
de 20,1 a 200 m³/dia;490
de 200,1 a 1.000 m³/dia;491
de 1.000,1 a 10.000 m³/dia;492
acima de 10.000,1 m³/dia;493
de 5,1 a 10 ton/dia;494
de 10,1 a 20 ton/dia;495
de 20,1 a 100 ton/dia;496
acima de 100 ton/dia;497
até 1.000 m³;498
de 1.001 a 5.000 m³;499
de 5.001 a 30.000 m³;500
de 30.001 a 70.000 m³;501
acima de 70.001 m³;502
de 1.001 a 5.000 m³;503
de 5.001 a 30.000 m³;504
de 30.001 a 70.000 m³;505
acima de 70.000 m³;506
de 5,1 a 20 Km;507
acima de 20 Km;508
de 1.001 a 5.000 m³;509
de 5.001 a 30.000 m³;510
de 30.001 a 70.000 m³;511
acima de 70.001 m³;512
de 50,1 a 100,0 m;513
de 100,1 a 200,0 m;514
acima de 200,1 m;515
de 10,1 a 50 Km;516
de 50,1 a 200 Km;517
acima de 200 Km;518
de 200,1 a 500 Km;519
de 500,1 a 1.000 Km;520
acima de 1.000,1 Km;521
até 50,0 m;522
VOLUME ATÉ 1.000.000,00;523
VOLUME ACIMA DE 1.000.000,01;524
Até 50 ha ( Licenciamento simplificado );645
Acima de 50 a 150 ha (Licenciamento simplificado);646
Acima de 150 a 700 ha;647
Acima de 701 a 1.500 ha;648
Acima de 1.501 ha;649
Acima de 150 a 700 ha;650
Acima de 701 a 1.500 ha;651
Acima de 1.501 ha;652
Acima de 150 a 700 ha;653
Acima de 701 a 1.500 ha;654
Acima de 1.501 ha;655
Acima de 150 a 700 ha;656
Acima de 701 a 1.500 ha;657
Acima de 1.501 ha;658
Até 20 ha;659
Acima de 20 a 50 ha;660
Acima de 51 a 100 ha;661
Acima de 101 a 200 ha;662
Acima de 201 ha;663
Acima de 0,2 a 1,0 Tonelada;664
Acima de 1,0 a 3,0 Tonelada(s);665
Acima de 3,0 a 5,0 Toneladas;666
Acima de 5,0 Toneladas;667
Até 1.200 m³ (Metro cúbico de carvão);668
Acima de 1.200 a 2.400 m³ (Metro cúbico de carvão);669
Acima de 2.400 a 7.200 m³ (Metro cúbico de carvão);670
Acima de 7.200 a 24.000 m³ (Metro cúbico de carvão);671
Acima de 24.000 m³ (Metro cúbico de carvão);672
Até 50.000 Mudas produzidas/Mês;673
Acima de 50.001 a 200.000 Mudas produzidas/Mês;674
Acima de 200.001 a 600.000 Mudas produzidas/Mês;675
Acima de 600.001 a 1.000.000 Mudas produzidas/Mês;676
Acima de 1.000.000 Mudas produzidas/Mês;677
Até 20,0 (hectare suprimido);678
Acima de 20,0 a 50,0 (hectare suprimido);679
Acima de 50,0 a 100,0 (hectare suprimido);680
Acima de 100,0 a 200,0 (hectare suprimido);681
Acima de 200,0 (hectare suprimido);682
Até 1,0 (hectare suprimido);683
Acima de 1,0 a 5,0 (hectare suprimido);684
Acima de 5,0 a 10,0 (hectare suprimido);685
Acima de 10,0 a 20,0 (hectare suprimido);686
Acima de 20,0 (hectare suprimido);687
MICRO (até 500 m²);688
PEQUENO (acima de 500 a 3.000 m²);689
MÉDIO (acima de 3.000 a 10.000 m²);690
GRANDE (acima de 10.000 a 15.000 m²);691
EXCEPCIONAL (acima de 15.000 m²);692
MICRO (até 500 m²);693
PEQUENO (acima de 500 a 3.000 m²) ;694
MÉDIO (acima de 3.000 a 10.000 m²) ;695
GRANDE (acima de 10.000 a 15.000 m²) ;696
EXCEPCIONAL (acima de 15.000 m²) ;697
MICRO (até 500 m²) ;698
PEQUENO (acima de 500 a 3.000 m²) ;699
MÉDIO (acima de 3.000 a 10.000 m²) ;700
GRANDE (acima de 10.000 a 15.000 m²) ;701
EXCEPCIONAL (acima de 15.000 m²) ;702
MICRO (até 500 m²) ;703
PEQUENO (acima de 500 a 3.000 m²) ;704
MÉDIO (acima de 3.000 a 10.000 m²) ;705
GRANDE (acima de 10.000 a 15.000 m²) ;706
EXCEPCIONAL (acima de 15.000 m²) ;707
MICRO (até 500 m²) ;708
PEQUENO (acima de 500 a 3.000 m²) ;709
MÉDIO (acima de 3.000 a 10.000 m²) ;710
GRANDE (acima de 10.000 a 15.000 m²) ;711
EXCEPCIONAL (acima de 15.000 m²) ;712
MICRO (até 500 m²);713
PEQUENO (acima de 500 a 3.000 m²);714
MÉDIO (acima de 3.000 a 10.000 m²);715
GRANDE (acima de 10.000 a 15.000 m²);716
EXCEPCIONAL (acima de 15.000 m²);717
MICRO (até 500 m²);718
PEQUENO (acima de 500 a 3.000 m²);719
MÉDIO (acima de 3.000 a 10.000 m²);720
GRANDE (acima de 10.000 a 15.000 m²);721
EXCEPCIONAL (acima de 15.000 m²);722
MICRO (até 500 m²);723
PEQUENO (acima de 500 a 3.000 m²);724
MÉDIO (acima de 3.000 a 10.000 m²);725
GRANDE (acima de 10.000 a 15.000 m²);726
EXCEPCIONAL (acima de 15.000 m²);727
até 200 m²;728
acima 200 a 600 m²;729
acima de 600 a 1000 m²;730
Acima de 1000 m²;731
até 60 m³;732
acima de 60 a 120 m³;733
acima de 120 a 180 m³ de combustível ou até 120 m³ de combustível líq. + GNV ou GNC;734
acima de 180 a 220 m³ de combustível líq. ou acima de 120 até 180 m³ de combustível líq + GNV ou GNC;735
acima de 220 m³ de combustível de líq. ou acima 180 m³ de combustível líq. + GNV ou GNC;736
até 50 m²;737
acima de 50 a 150 m²;738
acima de 150 a 2000 m²;739
acima de 2000 a 7000 m²;740
acima 7000 m²;741
até 50 m²;742
acima de 50 a 150 m²;743
acima de 150 a 2000 m²;744
acima de 2000 a 7000 m²;745
acima 7000 m²;746
até 50 m²;747
acima de 50 a 200 m²;748
acima de 200 a 1000 m²;749
Acima de 1000 a 1400 m²;750
MICRO (até 500 m²) ;753
EXCEPCIONAL (acima de 15.000 m²) ;754
MICRO (até 500 m²) ;755
EXCEPCIONAL (acima de 15.000 m²) ;756
MICRO (até 500 m²) ;757
EXCEPCIONAL (acima de 15.000 m²) ;758
MICRO (até 500 m²) ;759
EXCEPCIONAL (acima de 15.000 m²) ;760
MICRO (até 500 m²) ;761
EXCEPCIONAL (acima de 15.000 m²) ;762
EXCEPCIONAL (acima de 15.000 m²) ;763
MICRO (até 500 m²) ;764
EXCEPCIONAL (acima de 15.000 m²) ;765
MICRO (até 500 m²) ;766
EXCEPCIONAL (acima de 15.000 m²) ;767
MICRO (até 500 m²) ;768
EXCEPCIONAL (acima de 15.000 m²) ;769
MICRO (até 500 m²) ;770
EXCEPCIONAL (acima de 15.000 m²) ;771
MICRO (até 500 m²) ;772
EXCEPCIONAL (acima de 15.000 m²) ;773
até 10 hectares ;774
acima de 10 a 30 hectares ;775
acima de 30 a 50 hectares ;776
acima de 50 a 100 hectares ;777
acima de 100 hectares ;778
até 10.000 m³ ;780
acima de 10.000 a 50.000 m³ ;781
acima de 50.000 a 100.000 m³ ;782
acima de 100.000 a 500.000 m³ ;783
acima de 500.000 m³ ;784
até 5 hectares ;785
acima de 5 a 20 hectares ;786
acima de 20 a 35 hectares ;787
acima de 35 a 50 hectares ;788
acima de 50 hectares ;789
até 10 hectares;790
acima de 10 a 30 hectares;791
acima de 30 a 50 hectares;792
acima de 50 a 100 hectares;793
acima de 100 hectares;794
até 5 toneladas/dia;795
acima de 5 a 15 toneladas/dia;796
acima de 15 a 100 toneladas/dia;797
acima de 100 a 300 toneladas/dia;798
acima de 300 toneladas/dia;799
até 10 toneladas/dia;800
acima de 10 a 50 toneladas/dia;801
acima de 50 a 400 toneladas/dia;802
acima de 400 a 1000 toneladas/dia;803
Acima de 1000 toneladas/dia;804
até 100 kg/h;805
acima de  100 a 150 kg/h;806
acima de  150 a 200 kg/h;807
acima de  200 a 250 kg/h;808
acima de  250 kg/h;809
até 60 toneladas/dia;810
acima de 60 a 100 toneladas/dia;811
acima de 100 toneladas/dia;812
de 0,5 a 30 toneladas/mês;813
acima de 30 a 80 toneladas/mês;814
acima de 80 a 150  toneladas/mês;815
acima de 150 a 200  toneladas/mês;816
acima 200  toneladas/mês;817
até 2,5 toneladas/dia;818
acima 2,5 a 3,0 toneladas/dia;819
acima 3,0 a 5,0 toneladas/dia;820
acima 5,0 a  6,0 toneladas/dia;821
acima de 6,0 toneladas/dia;822
de 0,5 a 2,0 toneladas/dia;823
acima de  2,0 a 3,0 toneladas/dia;824
acima  3,0 a 5,0 toneladas/dia;825
acima  5,0 a 7,0 toneladas/dia;826
acima  de 7,0  toneladas/dia;827
de  0,5 a 1,0 tonelada/dia;828
acima de 1,0 a 5,0 toneladas/dia;829
acima   de 5,0 a 30 toneladas/dia;830
acima de 30 a 100  toneladas/dia;831
acima de 100  toneladas/dia;832
acima de  1,0 a 5,0 toneladas/dia;833
de  0,5 a 1,0 tonelada/dia;834
acima de  5,0 a 30 toneladas/dia;835
acima de 30 a 100 toneladas/dia;836
acima  de 100 toneladas/dia;837
até 10 hectares;838
acima de 10 a 30 hectares;839
acima de 30 a  100 hectares;840
acima de 100 a  150 hectares;841
acima de 150 hectares;842
até 1.000 toneladas/ano;843
até 5  toneladas/dia;844
até 150 kg/h;845
até 15 nº cremação/mês;846
acima de  1.000 a 2.000 toneladas/ano;847
acima de  2.000 a 10.000 toneladas/ano;848
acima de  10.000 a 30.000 toneladas/ano;849
acima de 30.000 toneladas/ano;850
até 5 a 10 toneladas/dia;851
até 10 veículos;852
de 11 a 30 veículos;853
de 31 a 50 veículos;854
de 50 a 70 veículos;855
acima de 70 veículos;856
até 10 toneladas;857
acima de 10 a 20 toneladas/dia;858
acima de 10 a 30  toneladas;859
acima de  20 a 100 toneladas/dia;860
acima de 30 a 60  toneladas;861
acima de 100 toneladas/dia;862
acima de 60 toneladas;863
acima de 150 a 200 kg/h;864
acima de 200 a 300 kg/h;865
acima de 300 a 500 kg/h;866
acima de 500 kg/h;867
acima de 15 a 30 nº cremação/mês;868
acima de 30 a 50 nº cremação/mês;869
acima de 50 a 80 nº cremação/mês;870
acima de 80 nº cremação/mês;871
até 5 veículos;872
de 6 a 15 veículos;873
de 16 a 30 veículos;874
de 31 a 60 veículos;875
acima de 60 veículos;876
até 40 m³/dia;877
acima de 40 a 140 m³/dia;878
acima de 140 a 490 m³/dia;879
acima de 490 a 1.715 m³/dia;880
acima de 1.715 m³/dia;881
Até 1 km;882
Acima de 1 a 2 km;883
Acima de 2 a 3 km;884
Acima de 3 a 5 km;885
Acima de 5 km;886
até 1.000 habitantes atendidos;887
de 1.001 a 5.000 habitantes atendidos;888
de 5.001 a 10.000 habitantes atendidos;889
até 5 veículos;890
de 6 a 10 veículos;891
de 11 a 20 veículos;892
acima de 20 veículos;893
até 1.000 L/s;894
acima de 1.000 a 1500 L/s;895
acima de  1500 L/s;896
até 50m²;897
acima de 50 a 200 m²;898
acima de  200 a 1000 m²;899
acima de  1000 a 1400 m²;900
acima de   1400 m²;901
até 500 unidade/dia;902
acima de 500 a 3000 unidades/dia;903
Acima de 3000 a 5000 unidades/dia;904
acima de 5000 a 10.000 unidades/dia;905
acima de  10.000 unidades/dia;906
até 500 unidades/dia;907
acima de 500 a 3000 unidades/dia;908
Acima de 3000 a 5000 unidades/dia;909
acima de 5000 a 10.000 unidades/dia;910
acima de  10.000 unidades/dia;911
até 350 m²;912
Acima de 3000 a 5000 unidades/dia;913
acima de 350 a 750 m²;914
acima de 750 a 1500 m²;915
acima de 1500 a 3000 m²;916
Acima de 3000 a 6000 m²;917
acima de 6000 a 20.000 m²;918
acima de 20.000 m²;919
 até 350 m²;920
acima de 350 a 750 m²;921
acima de 750 a 1500 m²;922
acima de 1500 a 3000 m²;923
Acima de 3000 a 6000 m²;924
acima de 6000 m²;925
até 750 m²;926
acima de 750 a 1500 m²;927
acima de 1500 a 3000 m²;928
Acima de 3000 a 6000 m²;929
acima de 6000 a 20.000 m²;930
acima de 20.000 m²;931
até 350 m²;932
acima de 350 a 750 m²;933
acima de 750 a 1500 m²;934
acima de 1500 a 3000 m²;935
Acima de 3000 a 4000 m²;936
acima de 4000 a 6000 m²;937
acima de 6000 m²;938
até 350 m²;939
acima de 350 a 750 m²;940
acima de 750 a 1500 m²;941
acima de 1500 a 3000 m²;942
Acima de 3000 a 4000 m²;943
acima de 4000 a 6000 m²;944
acima de 6000 m²;945
 até 500 m;946
acima de 500 a 1000 m;947
Acima de 1000 a 1500 m;948
acima de 1500 a 6000 m;949
acima de 6000 m;950
até 10 quartos;951
de 11 a 20 quartos;952
de 21 a 50 quartos;953
de 51 a 100 quartos;954
de 101 a 300 quartos;955
acima de 300 quartos;956
até 1.200 m²;957
acima de 1.200 a 2.400 m²;958
acima de 2.400 a 4.800 m²;959
acima de 4.800 a 9.600 m²;960
acima de 9.600 m²;961
até 200 cabeças;962
acima de 200 a 500 cabeças;963
acima de 500 a 1.000 cabeças;964
acima de 1.000 a 1.500 cabeças;965
acima de 1.500 cabeças;966
até 50 m³;967
acima de 50 a 150 m³;968
acima de 150 a 2.000 m³;969
acima de 2.000 a 7.000 m³;970
acima de 7.000 m³;971
MICRO (até 500 m²) ;972
MICRO (até 500 m²) ;973
MICRO (até 500 m²) ;974
MICRO (até 500 m²) ;975
MICRO (até 500 m²) ;976
MICRO (até 500 m²) ;977
MICRO (até 500 m²) ;978
MICRO (até 500 m²) ;979
MICRO (até 500 m²) ;980
MICRO (até 500 m²) ;981
MICRO (até 500 m²) ;982
MICRO (até 500 m²) ;984
MICRO (até 500 m²) ;985
MICRO (até 500 m²) ;986
MICRO (até 500 m²) ;987
MICRO (até 500 m²) ;988
MICRO (até 500 m²) ;989
PEQUENO;990
PEQUENO;991
PEQUENO;992
PEQUENO;993
PEQUENO;994
PEQUENO;995
PEQUENO;996
PEQUENO;997
PEQUENO;998
PEQUENO;999
PEQUENO;1000
PEQUENO;1002
PEQUENO;1003
PEQUENO;1004
PEQUENO;1005
PEQUENO;1006
PEQUENO;1007
MÉDIO (acima de 3.000 a 10.000 m²);1008
MÉDIO (acima de 3.000 a 10.000 m²);1009
MÉDIO (acima de 3.000 a 10.000 m²);1010
MÉDIO (acima de 3.000 a 10.000 m²);1011
MÉDIO (acima de 3.000 a 10.000 m²);1012
MÉDIO (acima de 3.000 a 10.000 m²);1013
MÉDIO (acima de 3.000 a 10.000 m²);1014
MÉDIO (acima de 3.000 a 10.000 m²);1015
MÉDIO (acima de 3.000 a 10.000 m²);1016
MÉDIO (acima de 3.000 a 10.000 m²);1017
MÉDIO (acima de 3.000 a 10.000 m²);1018
MÉDIO (acima de 3.000 a 10.000 m²);1020
MÉDIO (acima de 3.000 a 10.000 m²);1021
MÉDIO (acima de 3.000 a 10.000 m²);1022
MÉDIO (acima de 3.000 a 10.000 m²);1023
MÉDIO (acima de 3.000 a 10.000 m²);1024
MÉDIO (acima de 3.000 a 10.000 m²);1025
GRANDE (acima de 10.000 m²);1027
GRANDE (acima de 10.000 m²);1028
GRANDE (acima de 10.000 m²);1029
GRANDE (acima de 10.000 m²);1030
GRANDE (acima de 10.000 m²);1031
GRANDE (acima de 10.000 m²);1032
GRANDE (acima de 10.000 m²);1033
GRANDE (acima de 10.000 m²);1034
GRANDE (acima de 10.000 m²);1035
GRANDE (acima de 10.000 m²);1036
GRANDE (acima de 10.000 m²);1037
GRANDE (acima de 10.000 m²);1039
GRANDE (acima de 10.000 m²);1040
GRANDE (acima de 10.000 m²);1041
GRANDE (acima de 10.000 m²);1042
GRANDE (acima de 10.000 m²);1043
GRANDE (acima de 10.000 m²);1044
até 5 hectares;1045
acima de 5 a 10 hectares;1046
acima de 10 a 30 hectares;1047
acima de 30 a 90 hectares;1048
acima de 90 hectares;1049
até 1 hectare;1050
acima de 1 a 2 hectares;1051
acima de 2 a 4 hectares;1052
acima de 4 a 8 hectares;1053
acima de 8 hectares;1054
até 40 botijões;1055
até 120 botijões;1056
até 480 botijões;1057
até 1920 botijões;1058
até 3840 botijões;1059
até 7680 botijões;1060
acima de 7680 botijões;1061
até 500 m²;1062
acima de 500 a 1.000 m²;1063
 acima de 1.000 a 8.000 m²;1064
 acima de 8.000 12.000 m²;1065
 acima de 12.000 m²;1066
até 500 m²;1067
até 10 veículos;1068
de 11 a 50 veículos;1069
acima de 50 veículos;1070
até 45 m³;1071
acima de  45 a 60 m³;1072
acima de  60 a 75 m³;1073
acima de  75 a 90 m³;1074
acima  de 90 m³;1075
até 45 m³;1076
acima  45 a 60 m³;1077
acima de  60 a 75 m³;1078
acima de  75 a 90 m³;1079
acima  de 90 m³;1080
até 50 Nm³/h;1081
acima de 50 a 200 Nm³/h;1082
acima de 200 a 1000 Nm³/h;1083
Acima de 1000 a 1400 Nm³/h;1084
acima de 1400 Nm³/h;1085
até 15.000 kg;1086
acima de  15.000 a 45.000 kg;1087
acima de  45.000 a 135.000 kg;1088
acima de  135.000 a 405.000 kg;1089
acima de 405.000 kg;1090
até 500 m²;1091
acima de 500 a 1.000 m²;1092
acima de 1.000 a 8.000 m²;1093
acima de 8.000 a 12.000 m²;1094
acima de 12.000 m²;1095
até 1.000 m³;1096
acima de 1.000 a 5.000 m³;1097
acima de 5.000 a 30.000 m³;1098
acima de 30.000 a 70.000 m³;1099
acima de 70.000 m³ ;1100
até 1.000 m³;1101
acima de 1.000 a 5.000 m³;1103
acima de 5.000 a 30.000 m³;1104
acima de 30.000 a 70.000 m³;1105
acima de 70.000 m³;1106
até 20 m³/s;1107
acima de 20 a 50 m³/s;1108
acima de 50 a 125 m³/s;1109
acima de 125 a 300 m³/s;1110
acima de 300 m³/s;1111
até 5 MVA;1112
acima de  5 a 15 MVA;1113
acima de  15 a 45 MVA;1114
até 50 m;1115
acima de 50 a 100 m;1116
acima de  45 a 135 MVA;1117
 acima de 100 a 200 m;1118
acima de 200 m;1119
acima de 135 MVA;1120
13.8 kv;1121
69 kv;1122
230 kv;1123
500 kv;1124
até 5 km;1125
 até 200 m²;1126
acima de 200 a 500 m²;1127
de 5,1 a 15 km;1128
acima de 500 a 1.000 m²;1129
acima de 1.000 a 5.000 m²;1130
acima de 5.000 m²;1131
acima de  15 km;1132
até 45 W;1133
entre 45 e 200 W;1134
acima de 200 W;1135
até 1.000 m²;1136
acima de 10.000 m²;1137
 acima de 1.000 a 3.000 m²;1138
acima de 3.000 a 5.000 m²;1139
acima de 5.000 a 10.000 m²;1140
até 5 (mw);1141
acima de 5 a 15 (mw);1142
acima de 15 a 45 (mw);1143
acima de 45 a 135 (mw);1144
acima de 135 (mw);1145
até 5 (mw);1146
acima de 5 a 15 (mw);1147
acima de 15 a 45 (mw);1148
acima de 45 a 135 (mw);1149
acima de 135 (mw);1150
 até 5 (mw);1151
acima de 5 a 15 (mw);1152
acima de 15 a 45 (mw);1153
acima de 135 (mw);1155
até 5 (mw);1156
acima de 5 a 15 (mw);1157
acima de 45 a 135 (mw);1158
acima de 15 a 45 (mw);1163
acima de 45 a 135 (mw);1164
acima de 135 (mw);1165
até 10 celas;1166
de 11 a 50 celas;1167
de 51 a 100 celas;1168
de 101 a 300 celas;1169
acima de 300 celas;1170
até 3000 m²;1171
Acima de 3000 a 6000 m²;1172
acima de 6000 a 10.000 m²;1173
acima de 10.000 m²;1174
até 10 hectares;1175
acima de 10 a 50 hectares;1176
acima de 50 a 100 hectares;1177
acima de 100 a 300 hectares;1178
acima de 300 hectares;1179
até 2 hectares;1180
acima de 2 a 10 hectares;1181
acima de 10 a 50 hectares;1182
acima de 50 a 100 hectares;1183
acima de 100 hectares;1184
até 50 leitos;1185
acima de 50 a 100 leitos;1186
acima de 100 a 200 leitos;1187
acima de 200 a 300 leitos;1188
acima de 300 leitos;1189
  até 5 (mw);1190
acima de 5 a 15 (mw);1191
acima de 15 a 45 (mw);1192
acima de 45 a 135 (mw);1193
acima de 135 (mw);1194
até 5000 Espectadores;1195
acima de 5000 a 15.000 Espectadores;1196
acima de 15.000 a 30.000 Espectadores;1197
acima de 30.000 a 50.000 Espectadores;1198
acima de 50.000 Espectadores;1199
até 2 hectares;1200
acima de 2 a 4 hectares;1201
acima de 4 a 8 hectares;1202
acima de 8 a 16 hectares;1203
acima de 16 hectares;1204
até 5000 m²;1205
acima de 5000 a 20.000 m²;1206
acima de 20.000 a 50.000 m²;1207
acima de 50.000 m²;1208
até 5 km;1209
acima de 5 a 10 km;1210
acima de 10 a 15 km;1211
acima de 15 a 20 km;1212
acima de 20 km;1213
até 500 m²;1214
acima de 500 a 2000 m²;1215
acima de 2000 a 3.500 m²;1216
acima de 3.500 a 5000 m²;1217
acima de 5000 m²;1218
até 500 m²;1219
 acima de 500 a 1000 m²;1220
Acima de 1000 a 5000 m²;1221
acima de 5000 m²;1222
 até 400 m;1223
acima de 400 a 600 m;1224
acima de 600 a 800 m;1225
acima de 800 a 1.000 m;1226
acima de 1.000 m;1227
até 100 m²;1228
acima de 100 a 500 m²;1229
acima de 500 a 1.000 m²;1230
acima de 1.000 a 2.000 m²;1231
acima de 2.000 m²;1232
até 20 (ha);1233
acima de 20 a 50 (ha);1234
acima de 50 a 125 (ha);1235
acima de 125 a 315 (ha);1236
acima de 315 (ha);1237
até 100 m²;1238
acima de 100 a 500 m²;1239
 acima de 500 a 1.000 m²;1240
acima de 1.000 a 2.000 m²;1241
acima de 2.000 m²;1242
até 1.000 m²;1243
 acima de 1.000 a 3.000 m²;1244
 acima de 3.000 a 9.000 m²;1245
acima de 9.000 a 27.000 m²;1246
Acima de 27000 m²;1247
até 300 m²;1248
acima de 300 a 1.000 m²;1249
acima de 1.000 a 2.000 m²;1250
acima de 2.000 a 3.000 m²;1251
acima de 3.000 m²;1252
até 500 m²;1253
acima de 500 a 2.000 m²;1254
acima de 2.000 a 3.500 m²;1255
acima de 3.500 a 5.000 m²;1256
acima de 5.000 m²;1257
 até 1.000 m²;1258
acima de 1.000 a 5.000 m²;1259
acima de 5.000 a 10.000 m²;1260
acima de 10.000 m²;1261
até 200 m²;1262
acima de 200 a 500 m²;1263
 acima de 500 a 1.000 m²;1264
acima de 1.000 a 2.000 m²;1265
acima de 2.000 m²;1266
 até 1.000 m²;1267
acima de 1.000 a 5.000 m²;1268
acima de 5.000 a 10.000 m²;1270
acima de 10.000 a 20.000 m²;1273
acima de 20.000 m²;1274
até 2000 m²;1275
acima de 2000 a 5000 m²;1276
acima de 5000 a 10.000 m²;1277
acima de 10.000 a 15.000 m²;1278
acima de 15.000 m²;1279
até 2000 m²;1280
acima de 2000 a 5000 m²;1281
acima de 5000 a 10.000 m²;1282
acima de 10.000 a 15.000 m²;1283
acima de 15.000 m²;1284
até 500 m²;1285
acima de 500 a 2000 m²;1286
acima de 2000 a 3.500 m²;1287
acima de 3.500 a 5000 m²;1288
acima de 5000 m²;1289
até 2.000 (t/mês);1290
acima de 2.000 a 8.000 (t/mês);1291
acima de 8.000 a 30.000 (t/mês);1292
acima de 30.000 a 80.000 (t/mês);1293
acima de 80.000 (t/mês);1294
até 1.000 m³;1295
acima de 1.000 a 5.000 m³;1296
 acima de 5.000 a 30.000 m³;1297
acima de 30.000 a 70.000 m³;1298
acima de 70.000 m³;1299
 até 20,0 (ha) suprimido;1300
acima de 20,0 a 50,0 (ha) suprimido;1301
acima de 50,0 a 100,0 (ha) suprimido;1302
acima de 100,0 a 200,0 (ha) suprimido;1303
acima de 200,0 (ha) suprimido;1304
até 5 arvores;1305
acima de 6 a 20 arvores;1306
acima de 21 a 50 arvores;1307
acima de 51 a 100 arvores;1308
acima de 101 arvores;1309
até 20,0 (ha) solicitado;1310
acima de 20,0 a 50,0 (ha) solicitado;1311
acima de 50,0 a 100,0 (ha) solicitado;1312
acima de 100,0 a 200,0 (ha) solicitado;1313
acima de 200,0 (ha) solicitado;1314
até 20,0 (ha) solicitado;1315
acima de 20,0 a 50,0 (ha) solicitado;1316
acima de 50,0 a 100,0 (ha) solicitado;1317
acima de 100,0 a 200,0 (ha) solicitado;1318
acima de 200,0 (ha) solicitado;1319
até 20,0 (ha) solicitado;1320
 acima de 20,0 a 50,0 (ha) solicitado;1321
acima de 50,0 a 100,0 (ha) solicitado;1322
acima de 100,0 a 200,0 (ha) solicitado;1323
acima de 200,0 (ha) solicitado;1324
até 20,0 (ha) solicitado;1326
 acima de 20,0 a 50,0 (ha) solicitado;1327
acima de 50,0 a 100,0 (ha) solicitado;1328
acima de 100,0 a 200,0 (ha) solicitado;1329
acima de 200,0 (ha) solicitado;1330
até 10 (ha);1331
acima de 10 a 30 (ha);1332
acima de 30 a 100 (ha);1333
acima de 100 a 150 (ha);1334
acima de 150 (ha);1335
Até 500 m²;1336
acima de 500 a 1000 m²;1337
Acima de 1000 a 8000 m²;1338
acima de 8000 a 12000 m²;1339
acima de 12000 m²;1340
até 10 veículos;1341
de 11 a 30 veículos;1342
de 31 a 50 veículos;1343
de 51 a 70 veículos;1344
acima de 70 veículos;1345
MICRO (até 500 m²) ;1346
MICRO (até 500 m²) ;1347
até 2 hectares;1348
acima de 2 a 5 hectares;1349
acima de  5 a 15 hectares;1350
acima de  15 a 30 hectares;1351
acima de 30 hectares;1352
até 5 hectares;1353
acima de 5 a 10 hectares;1354
acima de 10 a 20 hectares;1355
acima de 20 a 40 hectares;1356
acima de 40 hectares;1357
até 1.000 m²;1358
acima de  1000 a 2000 m²;1359
acima de 2000 a 5000 m²;1360
acima de 5000 a 10.000 m²;1361
acima de 10.000 m²;1362
de 10.001 a 20.000 habitantes atendidos;1363
De 20.001 a 30.000 habitantes atendidos;1364
De 30.001 a 50.000 habitantes atendidos;1365
De 50.001 a 100.000 habitantes atendidos;1366
Acima de  100.000 habitantes atendidos;1367
de 5 até 10 veículos;1368
de 11 até 30 veículos;1369
de 31até 50 veículos;1370
de 50 até 70 veículos;1371
Acima de 70 veículos;1372
Até 150,0(ha);1373
Acima de 150 a 700 (ha);1374
Acima de 700,0 a 1.500,0;1375
Acima de 1.500,0;1376
Até 150,0(ha);1377
Até 150,0(ha);1378
Acima de 1.500,0;1379
Acima de 150 a 700 (ha);1380
Acima de 70 veículos;1381
Acima de 700,0 a 1.500,0;1382
Acima de 1.500,0;1383
Até 150,0(ha);1384
Acima de 150 a 700 (ha);1385
Até 1.000  (t/mês);1387
Acima de  1.000 a 2.000(t/mês);1388
Acima de   2.000 a 10.000(t/mês);1389
Acima de    10.000 a 30.000(t/mês);1390
Acima de  30.000(t/mês);1391
Até 20;1392
Acima de 20 a 50;1393
acima de 50 a 100;1394
Acima de 100 a 200;1395
Até 0,2 t/ano;1397
Acima de 0,2 a 1,0 t/ano;1398
Acima de 1,0 a 3,0 t/ano;1399
Acima de 3,0 a 5,0 t/ano;1400
Acima de 5,0 t/ano;1401
Até20;1402
Acima de 20 a 50;1403
Acima de 50 a 100;1404
Acima de 100 a 200;1405
Acima de 200;1406
Até 20 (ha);1407
Acima de 21 a 50 (ha);1408
Acima de 51 a 100 (ha);1409
Acima de 100 a 200 (ha);1410
Acima de 200 (ha);1412
Até1.000;1413
Acima de 2.000 a 8.000;1414
acima de 8.000 a 30.000;1415
acima de 30.000 a 80.000;1416
acima de 80.000;1417
Ate20,0;1418
Acima de 20,0 a 50,0;1419
Acima de 50,0 a 100,00;1420
Acima de100,0 a 200,0;1421
Acima de 200,0;1422
Acima de 200;1427
MICRO (até 500 m²) ;1428
PEQUENO;1429
MÉDIO (acima de 3.000 a 10.000 m²);1430
GRANDE (acima de 10.000 m²);1431
MICRO (até 500 m²) ;1432
Pequeno;1433
MÉDIO (acima de 3.000 a 10.000 m²);1434
GRANDE (acima de 10.000 m²);1435
MICRO (até 500 m²) ;1436
Até 100 m²;1437
Acima de 100 a 500 m²;1438
Acima de 500 a 1000 m²;1439
Acima de 1000 a 2000 m²;1440
Acima de 2000 m²;1441
Até 100 m²;1442
Acima de 100 a 500 m²;1443
Acima de 500 m²;1444
Até 500 m²;1445
Acima de 500 a 1000 m²;1446
Acima de 1000 a 5000 m²;1447
Acima de 5000 m²;1448
Até 2 hectares ;1449
Acima de 2 a 10 hectares ;1450
Acima de 10 a 50 hectares;1451
Acima de 100 hectares ;1452
acima de 50 a 100 Hectares ;1453
Acima de 50 a 100 hectares ;1454
Até 10 hectares ;1455
Acima de 10 a 50 hectares;1456
Acima de 50 a 100 hectares;1457
Acima de 100 a 300 hectares ;1458
Até 60 m3;1459
Acima de 60 a 120 m3;1460
Acima de 120 a 180 m3 combustível ou até 120 m3 de combustível Liq. + GNV ou GNC;1461
Acima de 180 a 220 m3 de combustível ou acima de 120 m3 até 180 m3 de combustível Liq. + GNV ou GNC;1462
Acima de 220 m3 de combustível líq. ou acima de 180 m3 de combustível líq. + GNV ou GNC;1463
Acima de 300 hectares;1464
Até 40 botijões;1465
Até 120 botijões;1466
Até 480 botijões;1467
Até 1920 botijões;1468
Até 3840 botijões;1469
Até 7680 botijões;1470
Acima de 7680 botijões;1471
Até 350 m²;1472
Até 10 veículos;1473
Acima de 350 a  750 m²;1474
Acima de 750 a 1500 m²;1475
De11a 30 veículos;1476
Acima de 1500 a 3000 m²;1477
De31 a 50 veículos;1478
Acima de 3000 a 4000 m²;1479
De 51 a 70 veículos;1480
acima de 70 veículos;1481
Acima de 4.000 a 6000 m²;1482
Acima de 6.000 m²;1483
Até 50 cabines;1484
Acima de 50a 100 cabines;1485
Acima de 100 a 500 cabines;1486
Acima de 500 cabines;1487
Até 10 quartos;1488
De 11 a 20 quartos;1489
De 21 a 50 quartos;1490
De 51 a 100 quartos;1491
De 101 a 300 quartos;1492
acima de 300 quartos;1494
Até 5 hectares;1495
Acima de 5 a 10 hectares;1496
Acima de 10 a 30  hectares;1497
Acima de30 a 90  hectares;1498
Acima de 90  hectares;1499
Até 1 hectare;1500
Acima de 1 a 2  hectare;1501
Até 50 m²;1502
Acima de 2 a 4  hectare;1503
Acima de 50 a 150 m²;1504
Acima de 4 a 8  hectare;1505
Acima de 150 a 2000 m²;1506
Acima de 8  hectare ;1507
Acima de 7000 m²;1509
Até 350 m²;1510
Acima de 350 a 750 m²;1511
Acima de 750 a 1500 m²;1512
Acima de 1500 a 3000 m²;1513
Acima de 3000 a 6000 m²;1514
Acima de 6000 a 20000 m²;1515
Acima de 20000 m²;1516
Até 1000 m²;1518
Acima de 1000 a 3000 m²;1519
Acima de 3000 a 9000 m²;1520
Acima de 9000 a 27000 m²;1521
Acima de 27000 m²;1522
Até 500 m²;1523
Acima de 500 a 2000 m²;1524
Acima de 2000 a 3500 m²;1525
Acima de 3500 a 5000 m²;1526
Acima de 5000 m²;1527
Acima de 2000 a 7000 m²;1528
Até 50 leitos;1529
Acima de 50 a 100 leitos;1530
Acima de 100 a 200 leitos;1531
Acima de 200 a 300 leitos;1532
Acima de 300 leitos;1533
Até 50 m²;1534
Acima de 50 a 150 m²;1535
Acima de 150 a 2000 m²;1536
Acima de 2000 a 7000 m²;1537
Acima de 7000 m²;1538
Acima de 50 a 200 m²;1539
Acima de 200 a 1000 m²;1540
Acima de 1000 a 1400 m²;1541
Acima de 1400 m²;1542
Até 500 un/dia;1543
Acima de 500 a 3.000 un/dia;1544
Acima de 3.000 a 5.000 un/dia;1545
Acima de 5.000 a 10.000 un/dia;1546
Acima de 10.000 un/dia;1547
Até 2000 m²;1548
Acima de 2000 a 5000 m²;1549
Acima de 5000 a 10000 m²;1550
Acima de 10000 a 15000 m²;1551
Acima de 15000 m²;1552
Até 5.000 espectadores;1553
Acima de 5.000  a 15.000 espectadores;1554
Acima de 15.000 a 30.000;1555
Acima de 30.000 a 50.000 espectadores;1556
Acima de 50.000 espectadores;1557
Acima de 15.000 a 30.000 espectadores;1558
Até 5000 m²;1559
Acima de 5000 a 20000 m²;1560
Acima de 20000 a 50000 m²;1561
Acima de 50000 m²;1562
Até 3000 m²;1563
Acima de 3000 a 6000 m²;1564
Acima de 6000 a 10000 m²;1565
Acima de 10.000;1566
Até 500 m²;1567
Acima de 500 a 2000 m²;1568
Acima de 2000 a 3500 m²;1569
Acima de 3500 a 5000 m²;1570
Acima de 5000 m²;1571
Até 1000 m²;1572
Acima de 1000 a 5000 m²;1573
Acima de 5000 a 10000 m²;1574
Acima de 10000 m²;1575
Até 50 barcos ;1576
De 51 a 100 barcos ;1577
Acima de 100 Barcos;1578
Até 2.000 (t/mês);1579
Acima de 2.000 a 8.000 (t/mês);1580
Acima de 8.000 a 30.000 (t/mês);1581
Acima de 30.000 a 80.000 (t/mês);1582
Acima de 80.000 (t/mês);1583
CP;1584
Até 400 m (comprimento de pista);1585
Acima de 400 a 600 m (comprimento de pista);1586
Acima de 600 a 800m (comprimento de pista);1587
Acima de 800 a 1000m (comprimento de pista);1588
Acima de 1.000 hectares (comprimento de pista);1589
até 3.000 m²;1590
acima de 3.000 à 6.000 m² ;1591
acima de 6.000 à 10.000 m²;1592
acima de 10.000 à 15.000 m² ;1593
acima de 15.000 m²;1594
ATÉ 05 FORNOS E PROD. ATÉ 1200;1596
ATÉ 05 FORNOS E PROD. ACIMA DE 1200 A 2400;1597
ATÉ 05 FORNOS E PROD. ACIMA DE 2400 A 7200;1598
ATÉ 05 FORNOS E PROD. ACIMA DE 7200 A 24000;1599
ATÉ 05 FORNOS E PROD. ACIMA DE 24000;1600
DE 06 A 10 FORNOS E PROD. ATÉ 1200;1601
DE 06 A 10 FORNOS E PROD. ACIMA DE 1200 A 2400;1602
DE 06 A 10 FORNOS E PROD. ACIMA DE 2400 A 7200;1603
DE 06 A 10 FORNOS E PROD. ACIMA DE 7200 A 24000;1604
DE 06 A 10 FORNOS E PROD. ACIMA DE 24000;1605
DE 11 A 30 FORNOS E PROD. ATÉ 1200;1606
DE 11 A 30 FORNOS E PROD. ACIMA DE 1200 A 2400;1607
DE 11 A 30 FORNOS E PROD. ACIMA DE 2400 A 7200;1608
DE 11 A 300 FORNOS E PROD. ACIMA DE 7200 A 24000;1609
DE 11 A 30 FORNOS E PROD. ACIMA DE 24000;1610
DE 30 A 100 FORNOS E PROD. ATÉ 1200;1611
DE 30 A 100 FORNOS E PROD. ACIMA DE 1200 A 2400;1612
DE 30 A 100 FORNOS E PROD. ACIMA DE 2400 A 7200;1613
DE 30 A 100 FORNOS E PROD. ACIMA DE 7200 A 24000;1614
DE 30 A 100 FORNOS E PROD. ACIMA DE 24000;1615
ACIMA DE 100 FORNOS E PROD. ATÉ 1200;1616
ACIMA DE 100 FORNOS E PROD. ACIMA DE 1200 A 2400;1617
ACIMA DE 100 FORNOS E PROD. ACIMA DE 2400 A 7200;1618
ACIMA DE 100 FORNOS E PROD. ACIMA DE 7200 A 24000;1619
ACIMA DE 100 FORNOS E PROD. ACIMA DE 24000;1620
