﻿desc_potencial;idpotencial
Pequeno;1
Médio;2
Grande;3
até 1.000 m³;4
de 1.001 a 2.000 m³;5
de 2.001 a 3.000 m³;6
acima de 5.000 m³;7
até 1.000 m³;10
de 1.001 a 2.000 m³;11
de 2.001 a 3.000 m³;12
acima de 5.000  m³;13
até 50,0 ton/dia;14
de 50,1 a 100,0 ton/dia;15
de 100,1 a 200,0 ton/dia;16
de 200,1 a 300,0 ton/dia;17
acima de 300,0 ton/dia;18
até 30,0 ton/dia;19
de 30,1 a 80,0 ton/dia;20
de 80,1 a 150,0 ton/dia;21
de 150,1 a 200,0 ton/dia;22
acima de 200,0 ton/dia;23
até 40,0 ton/dia;24
de 40,1 a 100,0 ton/dia;25
acima de 100,0 ton/dia;26
Residio classe II até 50 ton/dia;27
Residio classe II acima de 50 ton/dia;28
Residio classe I até 50 ton/dia;29
Residio classe I acima de 50 ton/dia;30
Classe II - B (inerte);31
Classe II - A (Não - Inerte);32
Classe I - (Perigoso);33
Classe II - B (inerte);34
Classe II - A (Não - Inerte);35
Classe I - (Perigoso);36
Sistema Simplificado;37
Sistema não Simplificado;38
até 5 km;40
de 5,1 a 15 km;41
acima de 15 km;42
até 5 caminhões;43
de 6 a 10 caminhões;44
de 11 a 20 caminhões;45
acima de 20 caminhões;46
Rede coletora pública;47
ETE simples;48
ETE não simples;49
até 50 unid.;61
de 51 a 70 unid.;62
de 71 a 100 unid.;63
de 101 a 300 unid.;64
acima de 300 unid.;65
até 2 ha;66
de 2,1 a 5 ha;67
de 5,1 a 10 ha;68
de 10,1 a 30 ha;69
de 30,1 a 50 ha;70
de 50,1 a 100 ha;71
acima de 100 ha;72
Pequeno;73
Médio;74
Grande;75
até 10 quartos;76
de 11 a 20 quartos;77
de 21 a 50 quartos;78
de 51 a 100 quartos;79
de 101 a 300 quartos;80
acima de 300 quartos;81
até 50 celas;82
de 51 a 100 celas;83
de 101 a 300 celas;84
de 301 a 1.000 celas;85
acima de 1.000 celas;86
até 3.000 m²;87
de 3.001 a 6.000 m²;88
de 6.001 a 10.000 m²;89
acima de 10.000 m²;90
até 100 m²;91
de 101 a 500 m²;92
acima de 500 m²;93
até 50 quartos;94
de 51 a 100 quartos;95
de 101 a 200 quartos;96
acima de 200 quartos;97
até 50 cabines;98
acima de 50 a 100 cabines;99
acima de 100 a 500 cabines;100
acima de 500 cabines;101
até 20 km;102
de 20,1 a 50 km;103
de 50,1 a 300 km;104
acima de 300 km;105
até 20 km;106
de 20,1 a 50 km;107
de 50,1 a 300 km;108
acima de 300 km;109
até 5 km;110
de 5,1 a 15 km;111
acima de 15 km;112
até 5 km;113
de 5,1 a 15 km;114
acima de 15 km;115
até 50 m;116
de 50,1 a 100 m;117
de 100,1 a 200 m;118
acima de 200 m;119
até 5 hectares;120
de 5 a 12 hectares;121
acima de 12 a 25 hectares;122
acima de 25 a 50 hectares;123
acima de 50 hectares;124
até 140 m³;125
acima de 140 a 1.000 m³;126
acima de 1.000 a 3.500 m³;127
acima de 3.500 a 9.000 m³;128
acima de 9.000 m³;129
até 5.000 m³;130
acima de 5.000 a 12.500 m³;131
acima de 12.500 a 30.000 m³;132
acima de  30.000 a 62.000 m³;133
acima de 62.000 m³;134
até 5 hectares;135
acima de 5 a 12 hectares;136
acima de 12 a 25 hectares;137
acima de 25 a 50 hectares;138
acima de 50 hectares;139
até 5 hectares;140
acima de 5 a 10 hectares;141
acima de 10 a 30 hectares;142
acima de 30 a 50 hectares;143
acima de 50 hectares;144
até 1.000 m²;145
acima de 1.000 a 3.000 m²;146
acima de 3.000 a 5.000 m²;147
acima de 5.000 a 10.000 m²;148
acima de 10.000 m²;149
até 400 m²;150
acima de 400 a 800 m²;151
acima de 800 a 1.200 m²;152
acima de  1.200 m²;154
até 1.000 m²;155
acima de 1.000 a 3.000 m²;156
acima de 3.000 a 5.000 m²;157
acima de 5.000 a 10.000 m²;158
acima de 10.000 m²;159
até 2 hectares;160
de 2 a 5 hectares;161
de 5 a 10 hectares;162
de 10 a 50 hectares;163
acima de 50 hectares;164
até 200 m²;165
de 200 a 400 m²;166
de 400 a 600 m²;167
acima de 600 m²;168
até 100 hectares;169
acima de 100 a 200 hectares;170
acima de 200 a 500 hectares;171
acima de 500 a 800 hectares;172
acima de 800 hectares;173
de 366,80 a 564,30 ha;174
de 564,31 a 1326,11 ha;175
de 1326,12 a 1.890,41 ha;176
de 1.890,42 a  2.454,71 ha;177
de 2.454,72 a 3.019,01 ha;178
acima de 3.019,01 ha;179
de 357,51 a 550,00 ha;180
de 550,01 a 1292,50 ha;181
de 1292,51 a 1.842,50 ha;182
de 1.842,51 a 2.392,50 ha;183
de 2.392,51 a 2.942,50 ha;184
acima de 2.942,50 ha;185
de 455,01 a 700,00 ha;186
de 700,01 a 1645,00 ha;187
de 1645,01 a 2.345,00 ha;188
de 2.345,01 a 3.045,00 ha;189
de 3.045,01 a 3.745,00 ha;190
acima de 3.745,00 ha;191
de 422,51 a 650,00 ha;192
de 650,01 a 1527,50 ha;193
de 1527,51 a 2,177,50 ha;194
de 2.177,51 a 2.827,50 ha;195
de 2.827,51 a 3.477,50 ha;196
acima de 3.477,50 ha;197
de 260,0 a 400,00 ha;198
de 400,01 a  940,00 ha;199
de 940,01 a 1.340,00 ha;200
de 1.340,01 a 1.740,00 ha;201
de 1.740,01 a 2.140,00 ha;202
acima de 2.140,00 ha;203
de 399,30 a 614,30 ha;204
de 614,31 a 1443,61 ha;205
de 1443,62 a 2.057,91 ha;206
de 2.057,92 a 2.672,21 ha;207
de 2.672,22 a 3.286,51 ha;208
acima de 3.286,51 ha;209
de 241,48 a 371,50 ha;210
de 371,51 a 873,03 ha;211
de 873,04 a 1.244,53 ha;212
de 1,244,54 a 1.616,03 ha;213
de 1.616,04 a 1.987,53 ha;214
acima de 1.987,53 ha;215
de 169,79 a 261,20 ha;216
de 261,21 a 652,43 ha;218
de 652,44 a 913,63 ha;219
de 913,64 a 1.174,83 ha;220
de 1.174,84 a 1.436,03 ha;221
acima de 1.436,03 ha;222
de  156,72 a 241,10 ha;223
de 241,11 a 566,59 ha;224
de 566,60 a 807,69 ha;225
de 807,70 a 1.048,79 ha;226
de 1.048,80 a 1.289,89 ha;227
acima de 1.289,89 ha;228
de 95,36 a 146,70 ha;229
de 146,71 a 344,75 ha;230
de 344,76 a 491,45 ha;232
de 491,46 a 638,15 ha;233
de 638,16 a 784,85 ha;234
acima de 784,85 ha;235
de 93,74 a 144,20 ha;236
de 144,21 a 338,87 ha;237
de 338,88  a 483,07 ha;238
de 483,08 a 627,27 ha;239
de 627,28 a 771,47 ha;240
acima de 771,47 ha;241
de 57,60 a 88,60 ha;242
de 88,61 a 208,21 ha;243
de 208,22 a 296,81 ha;244
de 296,82 a 385,41 ha;245
de 385,42 a 474,01 ha;246
acima de 474,01 ha;247
de 220,08 a 282,15 ha;248
de 282,16 a 626,38 ha;249
de 626,39 a 1.190,68  ha;250
de 1.190,69 a 1.754,99 ha;251
de 1.755,00 a 2.883,58 ha;252
acima de 2.883,58 ha;253
de 214,51 a 275,00 ha;254
de 275,01 a 610,50 ha;255
de 610,51 a 1.160,50 ha;256
de 1.160,51 a 1.710,50 ha;257
de 1.710,51 a 2.810,50 ha;258
acima de 2.810,50 ha;259
de 273,01 a 350,00 ha;260
de 350,01 a 777,00 ha;261
de 777,01 a 1.477,00 ha;262
de 1.477,01 a 2.177,00 ha;263
de 2.177,01 a 3.577,00 ha;264
acima de 3.577,00 ha;265
de 253,51 a 325,00 ha;266
de 325,01 a 721,50 ha;267
de 721,51 a 1.371,50 ha;268
de 1.371,51 a 2.021,50 ha;269
de 2.021,51 a 3.321,50 ha;270
acima de 3.321,50 ha;271
de 156,01 a 200,00 ha;272
de 200,01 a 444,00 ha;273
de 444,01 a 844,00 ha;274
de 844,01 a 1.244,00 ha;275
de 1.244,01 a 2.044,00 ha;276
acima de 2.044,00 ha;277
de 239,58 a 307,15 ha;278
de 307,16 a 681,88 ha;279
de 681,89 a 1.296,18 ha;280
de 1.296,19 a 1.910,48 ha;281
de 1.910,49 a 3.139,08 ha;282
acima de 3.139,08 ha;283
de 144,89 a 185,75 ha;284
de 185,76 a 412,37 ha;285
de 412,38 a 783,87 ha;286
de 783,88 a 1.155,37 ha;287
de 1.155,38 a 1.898,37 ha;288
acima de 1.898,37 ha;289
de 101,87 a 130,60 ha;290
de 130,61 a 289,94 ha;291
de 289,95 a 551,14 ha;292
de 551,15 a 812,34 ha;293
de 812,35 a 1.334,74 ha;294
acima de 1.334,74 ha;295
de 98,03 a 120,55 ha;296
de 120,56 a 267,63 ha;297
de 267,64 a 508,73 ha;298
de 508,74 a 749,83 ha;299
de 749,84 a 1.232,03 ha;300
acima de 1.232,03 ha;301
de 57,22 a 73,35 ha;302
de 73,36 a 162,84 ha;303
de 162,85 a 309,54 ha;304
de 309,55 a 456,24 ha;305
de 456,25 a 749,64 ha;306
acima de 749,64 ha;307
de 56,24 a 72,10 ha;308
de 72,11 a 160,07 ha;309
de 160,08 a 304,27 ha;310
de 304,28 a 448,47 ha;311
de 448,48 a 736,87 ha;312
acima de 736,87 ha;313
de 34,56 a 44,30 ha;314
de 44,31 a 98,35 ha;315
de 98,36 a 186,95 ha;316
de 186,96 a 275,55 ha;317
de 275,56 a 452,5 ha;318
acima de 452,5 ha;319
até 1.000 m²;320
de 1.001 a 8.000 m²;321
acima de 8.000 m²;322
até 500 m²;323
de 501 até 1.000 m²;324
de 1.001 a 8.000 m²;325
acima de 8.000 m²;326
até 1.000 m²;327
de 1.001 a 8.000 m²;328
acima de 8.000 m²;329
20,0 m à 50,0 m;330
50,1 m à 100 m;331
100,1 m à 200 m;332
acima de 200 m;333
até 50 km;334
50,1 km à 100 km;335
acima de 100 km;336
até 10 km;337
10,1 km à 20 km;338
acima de 20 km;339
de 11 a 50 caminhões;341
acima de 50 caminhões;342
até 10 caminhões;343
de 11 a 50 caminhões;344
acima de 50 caminhões;345
Classe I - 25,00 m²;346
Classe II - 77,44 m²;347
Classe III - 299,25 m²;348
Classe IV - 573,75 m²;349
Classe V - 795,00 m²;350
Classe IV - 1.400,00 m²;351
---- acima de 1.900 m²;352
Estadual;353
Nacional;354
Internacional;355
Estadual;356
Nacional;357
Internacional;358
até 50 barcos;359
de 51 a 100 barcos;360
acima de 100 barcos;361
até 100 km;362
de 100,1 km até 200 km;363
acima de 200 km;364
até 5 km;365
de 5,1 a 15 km;366
acima de 15 km;367
de 10 a 400 Mhz;368
de 401 a 1999 Mhz;369
de 2.000 Mhz a 300 Ghz;370
até 500 m²;371
de 501 a 2.000 m²;372
de 2.001 a 5.000 m²;373
acima de 5.000 m²;374
até 100 Kw;375
de 101 a 300 Kw;376
de 301 a 600 Kw;377
de 601 a 1.000 Kw;378
de 1.001 a 2.000 Kw;379
acima de 2.000 Kw;380
até 1.000 m²;381
de 1.001 a 5.000 m²;382
de 5.001 a 10.000 m²;383
acima de 10.000 m²;384
até 5.000 m²;385
de 5.001 a 20.000 m²;386
de 20.001 a 50.000 m²;387
acima de 50.000 m²;388
até 1.000 m;389
de 1.001 a 5.000 m;390
de 5.001 a 10.000 m;391
de 10.001 a 50.000 m;392
acima de 50.000 m;393
até 1.000 m;394
de 1.001 a 3.000 m;395
de 3.001 a 5.000 m;396
acima de 5.000 m;397
até 20 m³/hora;398
entre 20,1 e 50 m³/hora;399
entre 50,1 e 250 m³/hora;400
entre 250,1 e 500 m³/hora;401
acima de 500 m³/hora;402
até 1.000 m³;403
de 1.001 a 5.000 m³;404
de 5.001 a 30.000 m³;405
de 30.001 a 70.000 m³;406
acima de 70.000 m³;407
até 100 m²;408
de 101 a 500 m²;409
de 501 a 1.000 m²;410
acima de 1.000 m²;411
até 5 km;412
de 5,1 a 10 km;413
acima de 10 km;414
Combustível - GLP ou Gás Natural;415
Combustível - Outros combustíveis;416
até 1.000 m²;417
de 1.001 a 8.000 m² ;418
acima de 8.000 m²;419
até 50 (Volume de Acumulação em 1.000 metros cúbicos);420
de 51 a 100 (Volume de Acumulação em 1.000 metros cúbicos);421
de 501 a 1.000 (Volume de Acumulação em 1.000 metros cúbicos);422
acima de 1.000 (Volume de Acumulação em 1.000 metros cúbicos);423
de 101 a 500 (Volume de Acumulação em 1.000 metros cúbicos);424
até 1.000.000,00 (Volume de Acumulação em metros cúbicos no semi-árido);425
acima de 1.000.000,00 (Volume de Acumulação em metros cúbicos no semi-árido);426
até 5 m³/hora;427
de 5,1 a 20 m³/hora;428
de 20,1 a 40 m³/hora;429
acima de 40 m³/hora;430
até 18 m³/hora;431
de 18,1 a 50 m³/hora;432
de 50,1 a 250 m³/hora;433
de 250,1 a 500 m³/hora;434
acima de 500 m³/hora;435
até 18 m³/hora;436
de 18,1 a 50 m³/hora;437
de 50,1 a 250 m³/hora;438
acima de 500 m³/hora;439
de 250,1 a 500 m³/hora;440
até 10,0 Km;441
de 10,1 a 50,0 Km;442
acima de 50 Km;443
Combustível (GLP ou Gás Natural);444
Combustível (Outros combustíveis);445
até 10 caminhões;446
Poços localizados no semi-árido e perfurados no cristalino.;447
até 20 ton/dia;448
até 20 m³/dia;449
até 5 ton/dia;450
até 1.000 m³;451
até 1.000 m³;452
até 1.000 m³;453
até 5 Km;454
até 50,0 m;455
até 10,0 Km;456
PESQUISAS AMBIENTAIS;457
até 200 m;458
2 ½ h;459
2 h;460
3 h;461
2 h;462
3 ½ h;463
4 h;464
1 ½ h;465
2 ½ h;466
3 h;467
3 ½ h;468
4 h;469
até 15 ha;470
a partir de 15,01 ha;471
1 ½ h;472
3 h;473
3 ½ h;474
1 ½ h;475
2 h;476
2 ½ h;477
½ h;478
1 h;479
1 ½ h;480
2 h;481
de 20,1 a 100 ton/dia;482
acima de 100 ton/dia;483
de 20,1 a 200 m³/dia;484
de 200,1 a 1.000 m³/dia;485
de 1.000,1 a 10.000 m³/dia;486
acima de 10.000,1 m³/dia;487
de 5,1 a 10 ton/dia;488
de 10,1 a 20 ton/dia;489
de 20,1 a 100 ton/dia;490
acima de 100 ton/dia;491
de 1.001 a 5.000 m³;492
de 5.001 a 30.000 m³;493
de 30.001 a 70.000 m³;494
acima de 70.000 m³;495
de 1.001 a 5.000 m³;496
de 5.001 a 30.000 m²;497
de 30.001 a 70.000 m³;498
acima de 70.000 m³;499
de 5,1 a 20 Km;500
acima de 20 Km;501
de 1.001 a 5.000 m³;502
de 5.001 a 30.000 m³;503
de 30.001 a 70.000 m³;504
acima de 70.001 m³;505
de 10,1 a 50 Km;506
de 50,1 a 200 Km;507
acima de 200 Km;508
de 50,1 a 100,0 m;509
de 100,1 a 200,0 m;510
acima de 200,0 m;511
de 200,1 a 500 Km;512
de 500,1 a 1.000 Km;513
acima de 1.000 Km;514
VOLUME DE ATÉ 1.000.000,00;515
VOLUME ACIMA DE 1.000.000,01;516
até 50 ha;840
acima de 50 a 150 ha;841
acima de 150 a 700 ha;842
acima de 700 a 1.500 ha;843
acima de 1.500 ha;844
acima de 150 a 700 ha;845
acima de 700 a 1.500 ha;846
acima de 1.500 ha;847
acima de 150 a 700 ha;848
acima de 700 a 1.500 ha;849
acima de 1.500 ha;850
acima de 150 a 700 ha;851
acima de 700 a 1.500 ha;852
acima de 1.500 ha;853
até 20 ha;854
acima de 20 a 50 ha;855
acima de 50 a 100 ha;856
acima de 100 a 200 ha;857
acima de 200 ha;858
até 0,2 toneladas;859
acima de 0,2 a 1 tonelada;860
acima de 1 a 3 tonelada(s);861
acima de 3 a 5 toneladas;862
acima de 5 toneladas;863
até 5 fornos (Micro);864
de 6 a 10 fornos ( Pequeno );865
de 11 a 30 fornos ( Médio );866
de 31 a 100 fornos (Grande );867
acima de 100 fornos ( Excepcional );868
até 50.000 produzidas/Mês;869
acima de 50.000 a 200.000 produzidas/Mês;870
acima de 200.000 a 600.000 produzidas/Mês;871
acima de 600.000 a 1.000.000 produzidas/Mês;872
acima de 1.000.000 produzidas/Mês;873
Até 20,0;874
Acima de 20,0 a 50,0;875
Acima de 50,0 a 100,0;876
Acima de 100,0 a 200,0;877
Acima de 200,0;878
Até 1,0;879
Acima de 1,0 a 5,0;880
Acima de 5,0 a 10,0;881
Acima de 10,0 a 20,0;882
Acima de 20,0;883
MEDIO;884
PEQUENO;885
PEQUENO;886
PEQUENO;887
PEQUENO;888
PEQUENO;889
PEQUENO;890
PEQUENO;891
até 200 m²;892
acima 200 a 600 m²;893
acima de 600 a 1000 m²;894
acima de 1000 m²;895
até 60 m³;896
acima de 60 a 120 m³;897
acima de 120 a 180 m³ de combustível ou até 120 m³ de combustível líq. + GNV ou GNC;898
acima de 180 a 220 m³ de combustível líq. ou acima de 120 até 180 m³ de combustível líq + GNV ou GNC;899
acima de 220 m³ de combustível de líq. ou acima 180 m³ de combustível líq. + GNV ou GNC;900
até 50 m²;901
acima de 50 a 150 m³;902
acima de 150 a 2000 m³;903
acima de 2000 a 7000 m³;904
acima 7000 m³;905
até 50 m²;906
acima de 50 a 150 m³;907
acima de 150 a 2000 m³;908
acima de 2000 a 7000 m³;909
acima 7000 m³;910
até 1.000 m³ por mês ;911
acima de 1.000 a 2.000 m³ por mês ;912
acima de 2.000 a 3.000 m³ por mês ;913
acima de 3.000 m³ por mês;914
até 250 m³ por mês ;915
acima de 250 a 1.000 m³ por mês ;916
acima de 1.000 a 5.000 m³ por mês ;917
acima de 5.000 a 10.000 m³ por mês ;918
acima de 10.000 m³ por mês ;919
até 1.000 m³ por mês ;920
acima de 1.000 a 1.500 m³ por mês ;921
acima de 1.500 a 2.000 m³ por mês ;922
acima de 2.000 a 2.500 m³ por mês ;923
acima de 2.500 m³ por mês ;924
até 1.000 m³/mês;925
acima de  1.000 a 2.000  m³/mês;926
acima de  2.000 a 3.000  m³/mês;927
acima de  3.000  m³/mês;928
até 5 toneladas/dia;929
acima de 5 a 15 toneladas/dia;930
acima de 15 a 100 toneladas/dia;931
acima de 100 a 300 toneladas/dia;932
acima de 300 toneladas/dia;933
até 10 toneladas/dia;934
acima de 10 a 50 toneladas/dia;935
acima de 50 a 400 toneladas/dia;936
acima de 400 a 1000 toneladas/dia;937
acima de 1000 toneladas/dia;938
até 100 kg/h;939
acima de 100 a 150 kg/h;940
acima de 150 a 200 kg/h;941
acima de 200 a 250 kg/h;942
acima de 250 kg/h;943
até 60 toneladas/dia;944
acima de 60 a 100 toneladas/dia;945
acima de 100 toneladas/dia;946
de 0,5 a 30 toneladas/mês;947
acima de 30 a 80 toneladas/mês;948
acima de 80 a 150 toneladas/mês;949
acima de 150 a 200 toneladas/mês;950
acima de  200 toneladas/mês;951
até 2,5 toneladas/dia;952
acima de  2,5 a 3,0 toneladas/dia;953
acima de  3,0 a 5,0 toneladas/dia;954
acima de  5,0 a 6,0 toneladas/dia;955
acima de 6,0 toneladas/dia;956
de 0,5 a 2,0 toneladas/dia;957
acima de 2,0 a 3,0 toneladas/dia;958
acima de 3,0 a 5,0 toneladas/dia;959
acima de 5,0 a 7,0 toneladas/dia;960
acima de 7  toneladas/dia;961
de 0,5 a 1,0 tonelada/dia;962
acima de 1,0 a 5,0 toneladas/dia;963
acima de 5,0 a 30 toneladas/dia;964
acima de 30 a 100  toneladas/dia;965
de 0,5 a 1,0 tonelada/dia;966
acima de 1,0 a 5,0 toneladas/dia;967
acima de 5,0 a 30 toneladas/dia;968
acima de 30 a 100  toneladas/dia;970
acima de 100  toneladas/dia;971
até 10 hectares;972
acima de 10 a 30  hectares;973
acima de 30 a 100  hectares;974
acima de 100 a 150  hectares;975
acima de 150  hectares;976
acima de 100  toneladas/dia;977
Classe II - B ( Inerte );978
Classe II - A ( Não - Inerte );979
Classe I  ( Perigoso );980
Classe II - B (  Inerte );981
Classe II - A ( Não - Inerte );982
Classe I  ( Perigoso );983
até 1.000 toneladas/ano;984
acima de 1.000 a 2.000  toneladas/ano;985
acima de 2.000 a 10.000  toneladas/ano;986
acima de 10.000 a 30.000  toneladas/ano;987
acima de 30.000  toneladas/ano;988
até 5 toneladas/dia;989
acima de 5 a 10  toneladas/dia;990
acima de 10 a 20  toneladas/dia;991
acima de 20 a 100  toneladas/dia;992
acima de 100  toneladas/dia;993
até 150 kg/h;994
acima de 150 a 200 kg;995
acima de 200 a 300 kg;996
acima de 300 a 500 kg;997
acima de 500 kg;998
até 15 n° cremação/mês;999
acima de 30 a 50 n° cremação/mês;1001
acima de 50 a 80 n° cremação/mês;1002
acima de 80 n° cremação/mês;1003
acima de 15 a 30 n° cremação/mês;1004
até 5 veículos;1005
de 6 a 15 veículos;1006
de 16 a 30 veículos;1007
de 31 a 60 veículos;1008
acima de 60 veículos;1009
até 1000 L/s;1012
até 40 m³/dia;1013
acima de 1000 a 1500 L/s;1014
acima de 40 a 140 m³/dia;1015
acima de  1500 L/s;1016
até 5 veículos;1017
acima de 140 a 490  m³/dia;1018
de  6 a 10 veículos;1019
de  11 a 20 veículos;1020
acima de  20 veículos;1021
acima de 490 a 1.715 m³/dia;1022
acima de 1.715 m³/dia;1023
Até 1 km;1024
Acima de 1 a 2 km;1025
Acima de 2 a 3 km;1026
Acima de 3 a 5 km;1027
Acima de 5 km;1028
até 50 m²;1029
acima de 50 a 200 m²;1030
acima de 200 a 1000 m²;1031
acima de 1000 a 1400 m²;1032
acima de  1400 m²;1033
até 500 unidades/dia;1034
acima de 500 a 3000 unidades/dia;1035
acima de 3000 a 5000 unidades/dia;1036
acima de 5000 a 10.000 unidades/dia;1037
acima de  10.000 unidades/dia;1038
até 500 unidades/dia;1039
acima de 500 a 3000 unidades/dia;1040
acima de 3000 a 5000 unidades/dia;1041
acima de 5000 a 10.000 unidades/dia;1042
acima de  10.000 unidades/dia;1043
até 350 m²;1044
acima de 350 a 750 m²;1045
acima de 750 a 1500 m²;1046
acima de 1500 a 3000 m²;1047
acima de 3000 a 6000 m²;1048
acima de 6000 a 20.000 m²;1049
acima de 20.000 m²;1050
até 350 m²;1051
acima de 350 a 750 m²;1052
acima de 750 a 1500 m²;1053
acima de 1500 a 3000 m²;1054
acima de 3000 a 6000 m²;1055
acima de 6000 m²;1056
 até 750 m²;1057
acima de 1500 a 3000 m²;1058
acima de 3000 a 6000 m²;1059
acima de 6000 a 20.000 m²;1060
acima de 20.000 m²;1061
acima de 750 a 1500 m²;1062
 até 500 m;1063
acima de 500 a 1000 m;1064
acima de 1000 a 1500 m;1065
acima de 1500 a 6000 m;1066
acima de 6000 m;1067
até 350 m²;1068
acima de 350 a 750 m²;1069
acima de  750 a 1500 m²;1070
acima de  1500 a 3000 m²;1071
acima de  3000 a 4000 m²;1072
acima de  4000 a 6000 m²;1073
acima de  6000 m²;1074
até 350 m²;1075
acima de 350 a 750 m²;1076
acima de  750 a 1500 m²;1077
acima de  1500 a 3000 m²;1078
acima de  3000 a 4000 m²;1079
acima de  4000 a 6000 m²;1080
acima de  6000 m²;1081
até 10 quartos;1082
de  11 a 20 quartos;1083
de  21 a 50 quartos;1084
de  51 a 100 quartos;1085
de  101 a 300 quartos;1086
acima de  300 quartos;1087
até 1.200 m²;1088
acima de 1.200 a 2.400 m²;1089
acima de 2.400 a 4.800 m²;1090
acima de 4.800 a 9.600 m²;1091
acima de 9.600 m²;1092
 até 200 cabeças;1093
acima de 200 a 500 cabeças;1094
acima de 500 a 1.000 cabeças;1095
acima de 1.000 a 1.500 cabeças;1096
acima de 1.500 cabeças;1097
 até 50 m³;1098
acima de 50 a 150 m³;1099
acima de 2.000 a 7.000 m³;1100
acima de 7.000 m³;1101
acima de 150 a 2.000 m³;1102
PEQUENO;1103
PEQUENO;1104
PEQUENO;1105
PEQUENO;1106
PEQUENO;1107
PEQUENO;1108
PEQUENO;1109
PEQUENO;1110
PEQUENO;1111
PEQUENO;1112
PEQUENO;1113
PEQUENO;1114
PEQUENO;1115
PEQUENO;1116
PEQUENO;1117
PEQUENO;1118
PEQUENO;1119
PEQUENO;1120
MÉDIO;1121
MÉDIO;1122
MÉDIO;1123
MÉDIO;1124
MÉDIO;1125
MÉDIO;1126
MÉDIO;1127
MÉDIO;1128
MÉDIO;1129
MÉDIO;1130
MÉDIO;1131
MÉDIO;1132
MÉDIO;1133
MÉDIO;1134
MÉDIO;1135
MÉDIO;1136
MÉDIO;1137
MÉDIO;1138
GRANDE;1139
GRANDE;1140
GRANDE;1141
GRANDE;1142
GRANDE;1143
GRANDE;1144
GRANDE;1145
GRANDE;1146
GRANDE;1147
GRANDE;1148
GRANDE;1149
GRANDE;1150
GRANDE;1151
GRANDE;1152
GRANDE;1153
GRANDE;1154
GRANDE;1155
GRANDE;1156
até 5 hectares;1157
acima de 5 a 10 hectares;1158
acima de 10 a 30  hectares;1159
acima de 30 a 90  hectares;1160
acima de 90  hectares;1161
até 1 hectares;1162
acima de 1 a 2  hectares;1163
acima de 2 a 4  hectares;1164
acima de 4 a 8  hectares;1165
acima de 8  hectares;1166
até 40 botijões;1167
até 120 botijões;1168
até 480 botijões;1169
até 1920 botijões;1170
até 3840 botijões;1171
até 7680 botijões;1172
acima de 7680 botijões;1173
até 10 veículos;1174
de  11 a 50 veículos;1175
acima de  50 veículos;1176
até 50 Nm³/h;1177
acima de 50 a 200 Nm³/h;1178
acima de 200 a 1000 Nm³/h;1179
acima de 1000 a 1400 Nm³/h;1180
acima de 1400 Nm³/h;1181
até 45 m³;1182
acima de 45 a 60 m³;1183
acima de 60 a 75 m³;1184
acima de 75 a 90 m³;1185
acima de 90 m³;1186
até 45 m³;1187
acima de 45 a 60 m³;1188
acima de 60 a 75 m³;1189
acima de 75 a 90 m³;1190
acima de 90 m³;1191
até 15.000 kg;1192
acima de 15.000 a 45.000 kg;1193
acima de 45.000 a 135.000 kg;1194
acima de 135.000 a 405.000 kg;1195
acima de  405.000 kg;1196
 até 500 m² ;1197
acima de 500 a 1.000 m²;1198
acima de 1.000 a 8.000 m²;1199
acima de 8.000 a 12.000 m²;1200
acima de 12.000 m²;1201
até 1.000 m³;1202
 acima de 1.000 a 5.000 m³;1203
 acima de 5.000 a 30.000 m³;1204
acima de 30.000 a 70.000 m³;1205
acima de 70.000 m³;1206
acima de 1.000 a 5.000 m³;1207
acima de 1.000 a 5.000 m³;1208
até 1.000 m³;1209
acima de 5.000 a 30.000 m³;1210
acima de 30.000 a 70.000 m³;1211
acima de 70.000 m³;1212
acima de 200 m;1213
acima de 100 a 200 m;1214
acima de 50 a 100 m;1215
 até 50 m;1216
até 20 m³/s;1217
até 200 m²;1218
acima de 200 a 500 m²;1219
acima de 20 a 50 m³/s;1220
acima de 50 a 125 m³/s;1221
acima de 125 a 300 m³/s;1222
acima de 1.000 a 5.000 m²;1224
acima de 300 m³/s;1225
acima de 5.000 m² ;1226
até 5 MVA;1227
acima de 5 a 15 MVA;1228
acima de 500 a 1.000 m²;1229
acima de 15 a 45 MVA;1230
acima de 45 a 135 MVA;1231
acima de 135 MVA;1232
até 100 km;1233
de 100,1 até 200 km;1234
acima de 200 km;1235
até 5 km;1236
de 5,1 a 15 km;1237
acima de 15 km;1238
 até 1.000 m²;1239
acima de 1.000 a 3.000 m²;1240
acima de 3.000 a 5.000 m²;1241
acima de 5.000 a 10.000 m²;1242
acima de 10.000 m²;1243
de 10 a 400 Mhz;1244
de 401 a 1999 Mhz;1245
de 2.000 Mhz a 300 Ghz;1246
até 5 (mw);1247
acima de 5 a 15 (mw);1248
acima de 15 a 45 (mw);1249
acima de 45 a 135 (mw);1250
acima de 135 (mw);1251
até 10 celas;1252
de 11 a 50 celas;1253
até 5 (mw);1254
de 51 a 100 celas;1255
de 101 a 300 celas;1257
acima de 15 a 45 (mw);1258
acima de 300 celas;1259
até 3000 m²;1260
acima de  3000 a 6000 m²;1261
acima de 45 a 135 (mw);1262
acima de 135 (mw);1263
acima de  6000 a 10.000 m²;1264
até 5 (mw);1265
acima de 5 a 15 (mw);1266
acima de 15 a 45 (mw);1267
acima de 45 a 135 (mw);1268
acima de  10.000 m²;1269
acima de 135 (mw);1270
até 10 hectares;1271
acima de 10 a 50  hectares;1272
acima de 50 a 100  hectares;1273
acima de 100 a 300  hectares;1274
acima de 300  hectares;1275
acima de 5 a 15 (mw);1276
até 2 hectares;1277
acima de 2 a 10  hectares;1278
acima de 10 a 50  hectares;1279
acima de 50 a 100  hectares;1280
acima de 100  hectares;1281
acima de 45 a 135 (mw);1283
até 5 (mw);1284
acima de 5 a 15 (mw);1285
acima de 15 a 45 (mw);1286
acima de 135 (mw);1287
até 5 (mw);1288
acima de 5 a 15 (mw);1289
acima de 15 a 45 (mw);1290
acima de 45 a 135 (mw);1291
acima de 135 (mw);1292
até 50 leitos;1293
acima de 50 a 100 leitos;1294
acima de 100 a 200 leitos;1295
acima de 200 a 300 leitos;1296
acima de 300 leitos;1297
até 5000 Espectadores;1298
acima de 5000 a 15.000 Espectadores;1299
acima de 15.000 a 30.000 Espectadores;1300
acima de 30.000 a 50.000 Espectadores;1301
acima de  50.000 Espectadores;1302
até 2 hectares;1303
acima de 2 a 4  hectares;1304
acima de 4 a 8  hectares;1305
acima de 8 a 16  hectares;1306
acima de  16  hectares;1307
até 5000 m²;1308
acima de 5000 a 20.000 m²;1309
acima de 20.000 a 50.000 m²;1310
acima de  50.000 m²;1311
até 5 km;1312
acima de 5 a 10 km;1313
acima de 10 a 15 km;1314
acima de 15 a 20 km;1315
acima de  20 km;1316
até 500 m²;1317
acima de 500 a 2000 m²;1318
acima de 2000 a 3.500 m²;1319
acima de 3.500 a 5000 m²;1320
acima de 5000 m²;1321
acima de 1000 a 5000 m²;1323
acima de 500 a 1000 m²;1324
até 500 m²;1325
acima de 1.000 m;1326
acima de 800 a 1.000 m;1327
acima de 600 a 800 m;1328
acima de 400 a 600 m;1329
até 400 m;1330
acima de 2.000 m²;1331
acima de 1.000 a 2.000 m²;1332
acima de 500 a 1.000 m²;1333
acima de 100 a 500 m²;1334
até 100 m²;1335
acima de 315 (ha);1336
acima de 125 a 315 (ha);1337
acima de 50 a 125 (ha);1338
acima de 20 a 50 (ha);1339
até 20 (ha);1340
acima de 2.000 m²;1341
acima de 1.000 a 2.000 m²;1342
acima de 500 a 1.000 m²;1343
acima de 100 a 500 m²;1344
até 100 m²;1345
acima de 27.000 m²;1346
acima de 9.000 a 27.000 m²;1347
acima de 3.000 a 9.000 m²;1348
acima de 1.000 a 3.000 m²;1349
até 1.000 m²;1350
acima de 3.000 m²;1351
acima de 2.000 a 3.000 m²;1352
acima de 1.000 a 2.000 m²;1353
acima de 300 a 1.000 m²;1354
 até 300 m²;1355
acima de 5.000 m²;1356
acima de 3.500 a 5.000 m²;1357
acima de 2.000 a 3.500 m²;1358
acima de 500 a 2.000 m²;1359
até 500 m²;1360
acima de 10.000 m²;1361
acima de 5.000 a 10.000 m²;1362
acima de 1.000 a 5.000 m²;1363
até 1.000 m²;1364
acima de 2.000 m²;1365
acima de 1.000 a 2.000 m²;1366
acima de 500 a 1.000 m²;1367
 acima de 200 a 500 m²;1368
até 200 m²;1369
acima de 20.000 m²;1370
acima de 10.000 a 20.000 m²;1371
 acima de 5.000 a 10.000 m²;1372
acima de 1.000 a 5.000 m²;1373
até 1.000 m²;1374
acima de  5000 m²;1375
até 2000 m²;1376
acima de 2000 a 5000 m²;1377
acima de 5000 a 10.000 m²;1378
acima de  10.000 a 15.000 m²;1379
acima de  15.000 m²;1380
até 2000 m²;1381
acima de 2000 a 5000 m²;1382
acima de 5000 a 10.000 m²;1383
acima de  10.000 a 15.000 m²;1384
acima de  15.000 m²;1385
até 500 m²;1386
acima de 500 a 2000 m²;1387
acima de 2000 a 3.500 m²;1388
acima de 3.500 a 5000 m²;1389
acima de  5000 m²;1390
até 2.000 (t/mês);1391
acima de 2.000 a 8.000 (t/mês);1392
acima de 8.000 a 30.000 (t/mês);1393
acima de 30.000 a 80.000 (t/mês);1394
acima de 80.000 (t/mês);1395
até 1.000 m³;1396
acima de 1.000 a 5.000 m³;1397
acima de 5.000 a 30.000 m³;1398
acima de 30.000 a 70.000 m³;1399
acima de 70.000 m³;1400
acima de 200,0 (ha) suprimido;1401
acima de 100,0 a 200,0 (ha) suprimido;1402
acima de 50,0 a 100,0 (ha) suprimido;1403
acima de 20,0 a 50,0 (ha) suprimido;1404
até 20,0 (ha) suprimido;1405
acima de 101 arvores;1406
acima de 51 a 100 arvores;1407
acima de 21 a 50 arvores;1408
acima de 6 a 20 arvores;1409
até 5 arvores;1410
acima de 150 (ha);1411
acima de 100 a 150 (ha);1412
 acima de 30 a 100 (ha);1413
acima de 10 a 30 (ha);1414
até 10 (ha);1415
até 20,0 (ha) solicitado;1416
acima de 20,0 a 50,0 (ha) solicitado;1417
acima de 50,0 a 100,0 (ha) solicitado;1418
acima de 100,0 a 200,0 (ha) solicitado;1419
acima de 200,0 (ha) solicitado;1420
acima de 100,0 a 200,0 (ha) solicitado;1421
acima de 50,0 a 100,0 (ha) solicitado;1422
acima de 20,0 a 50,0 (ha) solicitado;1423
 até 20,0 (ha) solicitado;1424
 até 20,0 (ha) solicitado;1425
acima de 20,0 a 50,0 (ha) solicitado;1426
acima de 50,0 a 100,0 (ha) solicitado;1427
acima de 100,0 a 200,0 (ha) solicitado;1428
acima de 200,0 (ha) solicitado;1429
acima de 200,0 (ha) solicitado;1430
acima de 100,0 a 200,0 (ha) solicitado;1431
acima de 50,0 a 100,0 (ha) solicitado;1432
acima de 20,0 a 50,0 (ha) solicitado;1433
 até 20,0 (ha) solicitado;1434
acima de 200,0 (ha) solicitado;1435
Até 500 m²;1436
acima de 500 a 1000 m²;1437
acima de 1000 a 8000 m²;1438
acima de 8000 a 12000 m²;1439
acima de 12000 m²;1440
Até 10 veículos;1441
de 11 até 30 veículos;1442
de 31 até 50 veículos;1443
de 51 até 70 veículos;1444
acima de 70 veículos;1445
GRANDE;1446
EXCEPCIONAL (acima de 15.000 m²) ;1447
até 2 hectares;1448
acima de 2 a 5 hectares;1449
acima de 5 a 15 hectares;1450
acima de 15 a 30 hectares;1451
acima de 30 hectares;1452
até 5 hectares;1453
acima de 5 a 10 hectares;1454
acima de 10 a 20  hectares;1455
acima de 20 a 40  hectares;1456
acima de 40  hectares;1457
até 1000 m²;1458
acima de 1.000 a 2.000 m²;1459
acima de 2.000 a 5.000 m²;1460
acima de 5000 a 10.000 m²;1461
acima de  10.000 m²;1462
D;1463
Ate 150,0;1464
Acima de 150 a 700;1465
Acima de 700,0 a 1. 500,0;1466
Acima de 1.500,0;1467
Até 0,2;1468
Acima de 0,2 a 1,0;1469
Acima de 1,0a 3,0;1470
Acima de 3,0 a 5,0;1471
Acima de 5,0;1472
Até20;1473
Acima de 20 a 50;1474
Acima de 50 a 100;1475
Acima de 100 a 200;1476
Acima de 200;1477
Até 20(ha);1478
De 21 a 50(ha);1479
De 51  a 100(ha);1480
De 100 a 200(ha);1481
Acima de 200(ha);1482
Até20,0;1483
Acima de 20,0 a 50,0;1484
Acima de 50,0 a 100,00;1485
Acima de100,0 a 200,0;1486
Acima de 200,0;1487
Até 20;1488
Acima de 20 a 50;1489
Acima de 100 a 200;1490
Acima de 200;1491
Acima de 50 a 100;1492
Até 1.000;1493
Acima de 1.000 a 2.000;1494
Acima de 2.000 a 10.000;1495
Acima de 10.000 a 30.000;1496
Acima de 30.000;1497
MÉDIO;1498
MÉDIO;1499
MÉDIO;1500
MÉDIO;1501
Pequeno;1502
Médio;1503
Grande;1504
Grande;1505
Médio;1506
Grande;1507
Grande;1508
Grande;1509
MÉDIO;1510
MÉDIO;1511
MÉDIO;1512
MÉDIO;1513
MÉDIO;1514
grande;1515
grande;1516
grande;1517
MÉDIO;1518
MÉDIO;1519
MÉDIO;1520
grande;1521
grande;1522
grande;1523
grande;1524
MÉDIO;1525
MÉDIO;1526
MÉDIO;1527
Até 2.000 (t/mês);1528
Acima de 2.000 a 8.000 (t/mês);1529
Acima de 8.000 a 30.000 (t/mês);1530
Acima de 30.000 a 80.000 (t/mês);1531
Acima de 80.000 (t/mês);1532
CP;1533
até 3.000  m²;1534
acima de 3.000 à 6.000  m²;1535
acima de 6.000 à 10.000 m² ;1536
acima de 10.000 à 15.000 m²;1537
acima de 15.000 m²;1538
ATÉ 05 FORNOS E PROD. ATÉ 1200;1540
ATÉ 05 FORNOS E PROD. ACIMA DE 1200 A 2400;1541
ATÉ 05 FORNOS E PROD. ACIMA DE 2400 A 7200;1542
ATÉ 05 FORNOS E PROD. ACIMA DE 7200 A 24000;1543
ATÉ 05 FORNOS E PROD. ACIMA DE 24000;1544
DE 06 A 10 FORNOS E PROD. ATÉ 1200;1545
DE 06 A 10 FORNOS E PROD. ACIMA DE 1200 A 2400;1546
DE 06 A 10 FORNOS E PROD. ACIMA DE 2400 A 7200;1547
DE 06 A 10 FORNOS E PROD. ACIMA DE 7200 A 24000;1548
DE 06 A 10 FORNOS E PROD. ACIMA DE 24000;1549
DE 11 A 30 FORNOS E PROD. ATÉ 1200;1550
DE 11 A 30 FORNOS E PROD. ACIMA DE 1200 A 2400;1551
DE 11 A 30 FORNOS E PROD. ACIMA DE 2400 A 7200;1552
DE 11 A 300 FORNOS E PROD. ACIMA DE 7200 A 24000;1553
DE 11 A 30 FORNOS E PROD. ACIMA DE 24000;1554
DE 30 A 100 FORNOS E PROD. ATÉ 1200;1555
DE 30 A 100 FORNOS E PROD. ACIMA DE 1200 A 2400;1556
DE 30 A 100 FORNOS E PROD. ACIMA DE 2400 A 7200;1557
DE 30 A 100 FORNOS E PROD. ACIMA DE 7200 A 24000;1558
DE 30 A 100 FORNOS E PROD. ACIMA DE 24000;1559
ACIMA DE 100 FORNOS E PROD. ATÉ 1200;1560
ACIMA DE 100 FORNOS E PROD. ACIMA DE 1200 A 2400;1561
ACIMA DE 100 FORNOS E PROD. ACIMA DE 2400 A 7200;1562
ACIMA DE 100 FORNOS E PROD. ACIMA DE 7200 A 24000;1563
ACIMA DE 100 FORNOS E PROD. ACIMA DE 24000;1564
Pequeno;3172
